num_words,num_unique_words,num_chars,num_stopwords,num_punctuations,num_words_upper,num_words_title,mean_word_len,nb_tfidf_c_0,nb_tfidf_c_1,nb_tfidf_w_0,nb_tfidf_w_1,svd_word_0,svd_word_1,svd_word_2,svd_word_3,svd_word_4,svd_word_5,svd_word_6,svd_word_7,svd_word_8,svd_word_9,svd_word_10,svd_word_11,svd_word_12,svd_word_13,svd_word_14,svd_word_15,svd_word_16,svd_word_17,svd_word_18,svd_word_19,nb_countv_c_0,nb_countv_c_1,nb_countv_w_0,nb_countv_w_1
104946,3071,707720,31373,0,1493,26316,5.74365864349,0.698252097242,0.301747902758,0.99445902272,0.00554097728035,0.792260838976,-0.104221715662,-0.00295370306644,-0.129237666904,-0.14358306033,0.0606583101893,0.0397339314437,-0.105026865335,0.131300683953,0.121131486162,-0.110497251412,-0.0107037746053,-0.13523033307,-0.107881964376,-0.100250626625,-0.11561615455,0.0412192809787,-0.0047580292494,-0.0152445893724,0.0526036010481,1.0,1.44534337973e-50,0.0,1.0
94565,2914,636207,29116,0,2842,25488,5.72772167292,0.698433325711,0.301566674289,0.995828048281,0.00417195171919,0.723262606574,-0.179481211056,0.136249078017,-0.0268156711488,-0.0633153023395,0.091007992893,-0.0329099127202,-0.0121818134954,-0.0514099918729,-0.0545503966899,0.0352840934881,0.0147733952341,0.00583968668245,-0.00694369277583,-0.0163754614549,0.0160870992219,0.102584567815,0.00378058518947,0.0040518341954,0.00350461613546,1.0,3.47441804709e-193,0.0,1.0
148622,3274,1011280,46582,0,5004,32384,5.80437620272,0.698638681676,0.301361318324,0.99420147998,0.00579852002043,0.737097030306,-0.0565585513389,0.140453065567,-0.0805124674724,-0.222954167098,-0.00885926270273,-0.00676939254825,0.0885540038884,0.0176677785468,-0.0170327749556,0.114292673905,-0.121378662109,-0.0952616673394,-0.0120920375737,0.0938284250273,-0.0321425839521,-0.0587345316859,-0.053232699128,0.0300318899057,0.00595674027162,1.0,1.03326330637e-65,0.0,1.0
138704,2783,948951,40156,0,2003,40822,5.84155467759,0.69721813181,0.30278186819,0.962864262804,0.0371357371958,0.487533490916,-0.0274560828922,-0.0446708536739,-0.131432084641,0.127814131201,-0.0454959446156,0.100575987793,-0.108049388925,0.118175353903,0.0353976585465,-0.0901410004057,0.029220553992,0.0215263972768,0.0154180647971,-0.075287070358,-0.0971298006629,-0.0164183183237,-0.039058676288,0.0813944635598,0.116443073822,3.10849675883e-172,1.0,0.0,1.0
128603,2576,886796,37082,0,1315,35393,5.89560896713,0.698332561946,0.301667438054,0.995998747858,0.0040012521423,0.78356688575,-0.0363799488343,-0.183216736805,-0.0366804004287,0.110328523031,-0.123235580172,0.096399320579,-0.0737320737399,0.151182405178,0.0320640940645,-0.0177522997461,-0.0309139302134,-0.00113530512722,-0.00889920019896,0.0428709258043,0.0347113434819,0.000923843067565,0.00269222982141,-0.0261946906651,-8.38991245425e-05,5.31067093055e-16,1.0,0.0,1.0
123951,2591,834308,36956,0,2889,35588,5.73095013352,0.698261844731,0.301738155269,0.99116453545,0.00883546455,0.706516232587,0.0192795261832,-0.0192598919377,-0.0249393807659,-0.100203273084,0.0824641567359,-0.128789816152,-0.0783704839462,0.144191621836,0.084326679336,-0.0207035375983,-0.133127218394,-0.0938542674317,0.00464285397106,-0.0624187763654,-0.0509225671448,0.0476588134858,0.0140559281944,0.0340058182372,0.0354798865687,1.0,2.38889231373e-94,0.0,1.0
115482,2956,772538,36780,0,1816,27769,5.68968324068,0.697464037896,0.302535962104,0.99401313828,0.00598686172037,0.726968772997,-0.118484220065,-0.00279242342655,-0.0541540636389,0.0883738855091,0.00304064004943,0.1302593004,0.110268975581,0.0218275253736,-0.122371859854,0.0045594451712,-0.156949290276,-0.0452969191169,-0.0696180806587,-0.00738642662769,-0.149955865089,0.00529102985737,-0.0274196257335,0.0463012552347,0.0603962690889,3.17227267892e-133,1.0,0.0,1.0
274278,4113,1808174,87524,0,10890,84590,5.59248645535,0.698465873257,0.301534126743,0.978464836144,0.0215351638555,0.539728139156,0.033942337275,0.048529861877,-0.0394534528987,-0.0387111594313,0.144867869871,-0.000899920847213,0.0167960387699,-0.0192465264121,-0.0154527813404,0.0657573747391,-0.0279458676639,-0.0273709668829,0.0241178316799,0.0456810010927,0.162641952256,0.289573943195,-0.00787530266673,-0.161983953868,-0.0539998456544,3.95246242039e-317,1.0,0.0,1.0
206255,3255,1349769,67898,0,4780,55599,5.54417589877,0.697964619244,0.302035380756,0.994820461564,0.00517953843573,0.773152871693,0.0459181528311,-0.271860854831,0.123110151147,0.00201482887005,-0.0899638220907,-0.00894085587918,-0.00695568165132,0.0322043417527,-0.0199901273974,0.0981358810504,-0.0880298753324,0.00543593520924,0.110986398691,0.0757491409217,-0.0436133405397,-0.0585632511585,-0.0372430991435,0.058984810876,-0.0316848812512,1.0,8.18221098933e-42,0.0,1.0
205002,3801,1364229,61781,0,3992,60149,5.65471068575,0.698472445131,0.301527554869,0.987061369291,0.0129386307091,0.683832290941,0.192671594915,-0.00220519156748,0.0563811755085,-0.147745738445,-0.0482043245637,-0.210811381901,0.00419999685452,0.0956688863001,0.0362950020648,0.0826447027514,-0.169777182715,-0.115712070459,-0.0407397440535,0.0425991904599,-0.0569447494761,-0.0246018127714,-0.0847594073372,0.0487180969097,0.0100757210341,1.0,3.04312667378e-72,0.0,1.0
188519,3325,1278310,55029,0,2643,60602,5.78080193508,0.698658161077,0.301341838923,0.997262479174,0.0027375208262,0.792998802466,0.122057252942,-0.232141129331,0.152343137142,0.0974289956503,-0.100988434593,-0.0354334169019,0.0759827951813,-0.120870455804,0.176592214258,-0.0584186363671,-0.00722968275275,0.141981920883,-0.0482799796138,0.00889809195346,-0.00317310951907,0.0154982693423,0.0311280088484,-0.0473209482379,-0.04291145617,1.0,1.79140697276e-119,0.0,1.0
569524,5333,3834464,160550,0,13599,189039,5.73275226329,0.698710072961,0.301289927039,0.993404952882,0.00659504711783,0.729296053069,0.497302678124,0.0697317935234,-0.130660803189,-0.0438104600879,-0.135043439639,0.0630690850869,0.0727227513071,0.0741830967422,0.0383635038624,0.0037619968664,0.000843165395785,-0.084765732358,-0.0630461985258,-0.0170263714103,-0.0014745608235,0.00124702196524,-0.0212077595899,0.00298797372611,-0.0171912679212,0.0,1.0,0.0,1.0
214160,3883,1445936,62709,0,2807,63079,5.75166230855,0.698612968042,0.301387031958,0.997383379948,0.00261662005233,0.879735886703,-0.0713490587812,-0.135969753009,0.139729831473,-0.11393671684,0.00950773592141,-0.101982969913,-0.0257028634888,-0.0244126782285,-0.0105004271857,0.0683086334594,-0.0450797422261,-0.0637988976948,0.0232772209497,-0.0138863945279,-0.0267348359541,-0.0218955421648,-0.0405034961994,0.0178027059042,-0.00628616774759,1.0,3.51714956775e-213,0.0,1.0
353142,3899,2374692,99966,0,8244,102182,5.72446777783,0.698057668289,0.301942331711,0.992249433759,0.0077505662414,0.745091177482,0.337409988298,-0.0590138317578,-0.206107346896,0.0120424651732,-0.0222974068499,0.143567035518,0.0761726797219,-0.00291109435863,0.037184558919,-0.0225746216684,0.114969719868,-0.0850070136829,-0.0556857543764,0.0417493570507,0.000157254534756,0.0497889340721,-0.00838463157762,-0.0552490100752,0.0118361277966,0.0,1.0,0.0,1.0
215092,3096,1447135,64391,0,3102,56082,5.72798151489,0.698698417663,0.301301582337,0.994019724883,0.00598027511721,0.620144116037,0.396825746433,0.353618785368,-0.129937156528,-0.13769999694,-0.209105617655,0.0356640345914,0.00755772610732,0.00171223651458,-0.0795097456052,0.0789231947917,-0.0229697440953,0.126866516838,0.0267655724791,-0.0131439033339,-0.0372800115663,-9.30648488539e-05,-0.0155599815437,0.0470177423764,-0.00613491612725,3.11226433635e-10,0.999999999534,0.0,1.0
646690,5736,4350683,193854,0,22768,147883,5.72761756019,0.698431842436,0.301568157564,0.992262552202,0.00773744779839,0.713375994322,0.353757700654,-0.00453374371781,-0.225192802328,-0.139497666282,-0.0663399474227,0.149592032351,0.0551250086561,0.0809949653102,0.0432006839444,0.0570023122711,0.0210118766425,-0.0232978453392,0.0568572838104,0.112725427462,0.0192247301001,0.0192754384661,-0.0348244937661,0.0146645781673,-0.0533890541802,0.0,1.0,0.0,1.0
126493,3314,846874,37586,0,2096,37444,5.69502660226,0.698437505209,0.301562494791,0.997073189061,0.00292681093923,0.800066056087,-0.0997882630323,-0.0824391893739,0.152114554041,-0.0147512549313,-0.0805494568367,-0.0706150252545,-0.00729194093448,-0.094309722572,-0.0572406826115,0.0402661956472,0.0306589976884,-0.0552303062366,-0.036811836463,-0.00342435526176,0.0142133903873,-0.0345163015021,-0.0186287701834,0.0250643809883,0.0218848830954,1.0,5.18318514247e-183,0.0,1.0
107335,2645,717830,32260,0,672,27947,5.68775329576,0.69864366294,0.30135633706,0.97920436711,0.0207956328898,0.496395376985,-0.0344882175527,-0.065488374214,0.143280319581,-0.212054610694,0.164264579837,-0.186227998367,0.377474752897,0.243817928539,-0.238351498077,-0.306200854991,0.212041646872,0.170987080243,0.0131076258149,-0.0485456750491,-0.0268750997335,-0.0399177317048,-0.0668534245989,-0.00855133091919,0.00334672294134,1.0,1.06971115336e-132,0.0,1.0
376816,4446,2561381,108956,0,6678,118727,5.79743163772,0.698502758178,0.301497241822,0.994227868216,0.00577213178369,0.695361063984,0.464105457834,0.200782097322,-0.0787717679639,-0.0633971348777,-0.226990942181,0.0027684122535,0.0580746667125,0.0552053318152,-0.0661163378036,0.0751281174825,-0.0583738539088,-0.0112862271215,-0.0582104297589,-0.0785445646171,-0.0185749730768,-0.0188800621042,-0.027061578575,0.0212313980254,-0.0285936391007,0.0,1.0,0.0,1.0
195439,3858,1319057,57959,0,3175,60119,5.74920051781,0.698293034025,0.301706965975,0.991419570051,0.0085804299486,0.715174948068,0.0840773894089,-0.236153726929,0.122300649891,-0.07678030455,0.0057797839572,0.00232425453458,0.131968411676,0.104890855155,-0.0598553364539,-0.0111949296286,-0.0418858828986,0.0819306892914,0.0995054950174,-0.0110546317528,0.000355294992418,0.00885044787784,-0.0724595386709,0.0496025426674,-0.0104671978304,9.40146864167e-36,1.0,0.0,1.0
86203,2387,565598,28043,0,2120,20067,5.56123336775,0.698504641509,0.301495358491,0.996774564443,0.00322543555738,0.795667933217,-0.108234099296,0.0251482109995,-0.0758540492454,-0.0993811428563,0.0896077471222,-0.0397729709057,-0.102052674732,0.10351500666,0.0625013088222,-0.0629921581856,-0.0267283419547,0.0342392961557,-0.0261766297124,-0.077553041602,-0.00130562818821,0.0246888854407,0.0477345861755,-0.042794981748,0.00885484529963,1.0,1.24264211156e-101,0.0,1.0
126448,2677,860961,35277,0,4925,32016,5.80881469062,0.698141097376,0.301858902624,0.996527608611,0.0034723913892,0.815336303882,-0.133308585469,-0.0561238722771,0.0983199802042,-0.0563707910962,-0.0696731590258,-0.0508781949909,-0.0689026110544,0.0175937328438,-0.0169743587451,0.0314421778258,-0.0401107054651,0.0140990372418,0.0444325601257,-0.0867426879553,-0.00855752968298,-0.0502752907178,0.0370290077039,-0.0144081491231,0.00716667445417,1.0,2.5094955796e-153,0.0,1.0
123812,3243,825415,39650,0,2041,26936,5.66668012794,0.698841365342,0.301158634658,0.989962855803,0.0100371441972,0.636956386725,-0.171044515228,0.0129308248619,0.0283167656732,-0.137038732728,0.0256470153341,0.0309065869316,-0.0250427560889,-0.0540174368943,0.00925379178881,0.0240355158047,-0.0367579488899,-0.0504910864491,-0.0569071521676,-0.0658979903351,0.00820380027778,-0.0303795378368,-0.0895504192773,0.0939112744997,-0.00768747710317,1.0,8.92483399389e-308,0.0,1.0
107755,2657,721151,35699,0,1648,24779,5.69250614821,0.698253187178,0.301746812822,0.996486176708,0.00351382329169,0.754331552112,-0.229171384645,0.0800170162154,-0.0684576861822,-0.179729673117,0.00822234648312,0.0109925349395,-0.078539390818,0.0736655571159,0.000304493883218,0.0173733993822,0.00109461780011,-0.0140587749602,0.0104137525309,0.0775443257601,-0.00309201038091,-0.0299053919696,0.0637104572236,-0.0771388651107,-0.0202713637253,1.0,1.43314129348e-179,0.0,1.0
98778,2607,669818,30082,0,1728,25810,5.7810443621,0.697902917677,0.302097082323,0.997219270591,0.00278072940898,0.80392490675,-0.113250647141,0.0133199504717,-0.172876736525,0.246814343731,-0.0770764319701,0.0523538717853,-0.0878490759724,0.139947055152,-0.00996189642439,-0.0787729419966,0.00719537623363,0.0759092868375,0.0143239746041,0.000478454489383,-0.034954604122,-0.00794105823066,-0.0205157024985,0.0254021412964,0.070218853159,1.0,4.31705842246e-54,0.0,1.0
75711,3283,527132,21351,0,1821,17862,5.9624228976,0.697980504259,0.302019495741,0.977782840746,0.0222171592538,0.535627113988,-0.223402838937,0.1283386041,0.00569835945895,-0.0234142086819,0.0279816300853,-0.0406512593318,-0.0174613712739,-0.0555879503839,-0.00731707682298,-0.0337003351015,0.0455697113495,-0.0378691425378,-0.0502964370821,-0.101017397771,-0.0108664067229,0.0580064740267,-0.0258605290809,0.0146879407086,0.0150500408992,1.0,1.32740513279e-168,0.0,1.0
87003,2240,583803,27906,0,1761,21548,5.71014792593,0.697616065298,0.302383934702,0.997538831791,0.00246116820941,0.824985806138,-0.176153486742,0.0909919172609,-0.154430758203,0.223852855606,-0.0246684177281,0.0643970726306,0.135744729499,-0.0102642664489,-0.0406549416515,0.00586651337877,-0.0449298166617,-0.0119235316005,0.0549352143703,0.0721066607167,-0.094599270436,0.0644387879448,-0.0108459176458,0.047694434311,-0.0414228803639,1.0,2.14830420886e-40,0.0,1.0
96350,2353,644998,30338,0,1524,29293,5.69432278153,0.697922788235,0.302077211765,0.997248846279,0.00275115372094,0.809488074408,-0.135056628898,0.0777471499704,-0.106400989795,0.0960250694291,0.00915283988268,-0.175404195943,-0.209662109657,0.077570868818,0.112962663426,-0.105549262108,0.0909213542696,0.0250475624936,0.0380093604802,0.0756600283817,-0.0278723902831,0.0345254257184,-0.037171154695,0.032899596465,0.0784814115585,1.0,1.56193359017e-115,0.0,1.0
318176,3944,2139067,90953,0,14686,112200,5.72290493312,0.697964973572,0.302035026428,0.903971069444,0.0960289305565,0.311247514707,0.0355539214194,-0.0263434047005,0.0952744829275,0.0609509446259,0.0732916334001,-0.0647185164552,-0.0174825686121,0.0203344893209,-0.0422407401281,0.0934992673541,-0.150070532067,0.00286811234037,0.103874389968,-0.10493756796,0.139530623729,0.362942090222,0.019867997136,-0.169442275193,-0.164343566412,2.74010468129e-206,1.0,0.0,1.0
179350,3472,1233325,48167,0,2077,63762,5.87663785894,0.698518341619,0.301481658381,0.967805760021,0.0321942399785,0.530265978381,0.0417981307789,-0.176037374901,0.103046386663,0.044425370845,-0.046482017095,-0.0290599359403,0.000436390982363,-0.0362163372726,-0.00954768326598,0.0532262969623,-0.0322934685049,-0.0473132619843,0.0514064951976,0.0546873071849,-0.0114201962196,0.0223121195155,-0.0132697960553,-0.0299610523072,-0.00405668900503,1.0,2.8408443063e-43,0.0,1.0
71311,2636,481440,22184,0,1411,20069,5.75127259469,0.698065827313,0.301934172687,0.993050657464,0.00694934253611,0.777294252968,-0.0513598752117,0.0141486986425,-0.154235660889,0.139350873406,0.0885117204467,0.139320776018,0.111736190834,0.0711248675677,-0.0912809937926,0.000382359996449,-0.143768371472,-0.0931657147755,0.0187750950333,-0.128397352318,-0.192189397737,0.107246298985,-0.00583712745446,0.0740871400903,-0.0856040847348,8.95925482056e-82,1.0,0.0,1.0
71311,2636,481440,22184,0,1411,20069,5.75127259469,0.698065827313,0.301934172687,0.993050657464,0.00694934253611,0.777294252968,-0.0513598752117,0.0141486986425,-0.154235660889,0.139350873406,0.0885117204467,0.139320776018,0.111736190834,0.0711248675677,-0.0912809937926,0.000382359996449,-0.143768371472,-0.0931657147755,0.0187750950333,-0.128397352318,-0.192189397737,0.107246298985,-0.00583712745446,0.0740871400903,-0.0856040847348,8.95925482056e-82,1.0,0.0,1.0
373601,8228,2590133,108926,0,7100,109483,5.93288561861,0.697833160759,0.302166839241,0.987647673108,0.0123523268919,0.698467435009,0.368902380945,-0.0623833989127,-0.0758066855868,0.033820658627,0.0271908310127,-0.0524819487482,0.137235256181,0.0953553288903,0.110468709844,-0.0448445107097,0.0229528276357,-0.139974653267,-0.061413739225,0.157659132282,0.0740174308057,0.0632965026122,0.0331787613063,-0.102079614049,-0.0315075187602,0.0,1.0,0.0,1.0
130418,3221,892542,36070,0,2611,41604,5.8437025564,0.698437226833,0.301562773167,0.99436854313,0.0056314568702,0.77798848873,0.0592420434227,-0.244400800758,0.0953769140117,-0.0124818487443,0.00365186578166,0.0427582428173,0.200356131618,0.113887740326,-0.121774946235,-0.10621557249,0.0985356083583,0.0622067885941,0.022457322696,-0.0742178686001,0.00367723103212,0.000841262004754,-0.0201571319695,-0.0294472610825,-0.0192515865131,6.77915715355e-120,1.0,0.0,1.0
241485,4589,1599660,72819,0,8510,58650,5.62426237655,0.698217884413,0.301782115587,0.901723973456,0.0982760265437,0.357706374482,0.023772826355,-0.13394847998,-0.0793376223104,0.00276737781173,-0.0875208326333,0.167937675035,-0.0158843553301,0.0904859430575,0.059272144423,-0.0130598425876,0.0466424856279,0.0321098630744,0.00173133098713,0.135896910435,0.108507479438,0.00439015884867,-0.10861414806,-0.0730326266537,-0.0326025722411,0.0,1.0,0.0,1.0
287037,5223,1937912,89615,0,8921,64133,5.75143622599,0.698243313654,0.301756686346,0.995706213197,0.00429378680295,0.804317707235,-0.0283598441622,-0.138744924296,-0.0880642192026,-0.195911993706,-0.0624670775981,0.178834066124,-0.0203454649037,0.00377291864186,0.0114531938739,0.0661949398026,0.0204830613415,0.0138076524787,0.0565713923378,0.0787217707367,-0.0377548672891,0.0148297292076,-0.0438149970797,0.0402965702884,-0.0136231279163,1.92518771873e-218,1.0,0.0,1.0
195835,3620,1319910,57572,0,3564,70281,5.73990859652,0.697750244167,0.302249755833,0.995308148802,0.00469185119836,0.828078868918,0.176140288023,-0.257207186415,0.0537945842351,0.097284869743,-0.0403707039354,-0.057677398372,0.045321125597,0.0284356272601,0.0612291916714,0.00493109540761,-0.00939253915936,-0.0841128422868,0.0124144513822,0.136249620227,-0.0147331109863,0.0536415606043,-0.011962142572,-0.0452997068418,0.0123728485278,5.20710910298e-258,1.0,0.0,1.0
653443,5203,4348688,185984,0,17807,161632,5.65503800638,0.698566610084,0.301433389916,0.986780917236,0.0132190827644,0.652684138352,0.481839480739,0.0389200241589,-0.0439656373536,-0.0737464922894,-0.181068510073,-0.0154472104612,0.0913539113675,0.0693587519327,0.0399167527994,0.0591064686491,-0.00878274821078,-0.100888355916,-0.0337604239624,0.070856957377,0.0291893674203,-0.00185882381694,-0.0257082737925,-0.0174816664563,-0.0313062100161,0.0,1.0,0.0,1.0
184237,3099,1241191,49863,0,4235,64648,5.73692580752,0.698028967751,0.301971032249,0.994077907309,0.00592209269143,0.789567897904,0.0379637693313,-0.299977211527,0.1857416282,-0.136574884163,-0.0900119240785,-0.0264359364019,-0.0933479646379,-0.0205639726898,0.120603020505,0.0176807051475,0.0591320306828,-0.0909553717041,0.00227160526909,-0.0336756000459,0.00859700767608,-0.00231648296091,-0.0387506857438,0.00417286128361,0.0188873013002,1.0,3.42623731488e-171,0.0,1.0
144119,3015,1000537,40492,0,5632,69420,5.94243645876,0.697010617168,0.302989382832,0.971455496456,0.0285445035442,0.431397608115,-0.0962103789774,0.135706348351,-0.0229856130168,-0.184988719143,0.016948190922,-0.0830028973208,-0.0271179038602,0.00460618535052,-0.0550798817985,0.0835386577652,-0.0778653803653,0.0181374354191,0.0871104267832,0.0342408436648,-0.0988434994335,0.0258507674129,0.314914626863,-0.203074982537,-0.00975333696372,1.0,1.12356987804e-307,0.0,1.0
247568,3427,1640420,82510,0,6328,55841,5.62613908098,0.698299203436,0.301700796564,0.990127213707,0.00987278629309,0.751590908508,0.0493468562315,-0.190931698868,-0.0834206206466,-0.156599235489,0.0412663352288,0.128626615858,-0.0228674752433,0.0227775833772,0.0385653502483,0.0537530199619,0.00171647195435,-0.0111046236088,0.064586890509,0.0663712033615,-0.0231080466556,0.044293563838,-0.0658173198551,0.0362182058707,0.00952027369533,4.75792282613e-287,1.0,0.0,1.0
129978,2973,871167,40875,0,1720,28249,5.70241887089,0.698501931174,0.301498068826,0.996768686734,0.00323131326643,0.786165523453,-0.226968233818,-0.0457832549324,-0.0914717966989,-0.0954574684043,-0.0704633270285,0.0795508804216,-0.16139120202,0.119603158973,-0.015391645051,0.0252748375088,0.0293819803695,0.120248854921,0.0958437779862,0.0619350675587,0.0530527941654,-0.0360683790036,0.00543318921091,-0.0152173807824,-0.0340037301148,1.0,2.35252143669e-153,0.0,1.0
157406,2777,1031911,51375,0,3141,38794,5.55572849828,0.698464973183,0.301535026817,0.988741586531,0.0112584134692,0.61480597268,0.0275495966163,-0.0194130255237,-0.0669285470744,-0.226423887387,0.10089064486,0.0178175700406,0.212426743784,-0.0215092930543,0.375255612893,-0.147478794866,-0.0185504397917,0.0719211129797,-0.129782266804,0.0296176564056,0.00983868292433,0.0221324524465,0.0706429422659,-0.0642615033213,-0.0084790258817,1.28305122136e-135,1.0,0.0,1.0
157307,3305,1063471,49305,0,1398,40248,5.76048109747,0.697948183925,0.302051816075,0.997846489606,0.00215351039407,0.838255888553,-0.0824377063006,-0.0162424098519,0.0431472130334,0.170220582351,-0.0268707800472,-0.0595701948368,0.104026183843,0.00778560746941,-0.0708792267072,0.0178646692818,-0.0748423349826,-0.0947021243759,-0.0631824454683,0.0599031417451,-0.00752202323425,-0.00881902818603,-0.0164780418025,-0.0143303753584,0.0250866099351,0.000278023408726,0.999721976469,0.0,1.0
409962,5326,2793831,119239,0,10872,122055,5.81485357179,0.698375867711,0.301624132289,0.993860946209,0.00613905379137,0.77653019677,0.296846460373,0.0187461122715,-0.254296978203,-0.16307897509,0.04551047388,0.100458590026,0.0625545248373,0.0881048412878,0.0935680830083,0.0110772740426,0.0329319678873,-0.0600003768389,0.0437303782023,0.144636103952,0.0103342769983,0.0452769066775,-0.0272138874937,0.00831899787165,-0.024775879451,0.0,1.0,0.0,1.0
133571,5037,927340,38006,0,2795,40731,5.94267468238,0.697333129632,0.302666870368,0.991303684653,0.00869631534732,0.753692130363,0.0329023435078,-0.0828686265297,-0.13803348155,0.105486978471,0.00804560507174,0.168855031486,0.0166974035826,0.138301391308,0.0352521027041,-0.119242148067,0.0245941957221,-0.134465952613,-0.222784613956,-0.0395482459036,-0.0208429930499,0.0830635699433,0.0163595243945,-0.084710167709,0.034015274865,0.0,1.0,0.0,1.0
226828,5216,1590962,62446,0,3058,73293,6.01395771245,0.698725219669,0.301274780331,0.997462260039,0.00253773996065,0.81654827312,0.412512287799,0.0971287091744,0.0511704055169,-0.0151995209709,-0.135029140974,-0.0759221184865,-0.0582234469697,-0.0530436345309,-0.00191149159404,0.00634278314006,0.0554830569288,0.00534552431341,0.00952023462679,-0.049390057219,-0.0331790928091,0.0254374051149,-0.00198649341717,0.017363831355,0.0232353536436,7.97285467722e-153,1.0,0.0,1.0
328185,4493,2212434,94411,0,4407,122118,5.7414232826,0.698282552224,0.301717447776,0.99519971422,0.00480028578013,0.781269147182,0.11280385924,-0.285674048075,0.157442914298,0.0552157215879,-0.121802652776,-0.0695047051791,-0.0536590828401,0.0752097258604,0.0737177288356,0.0101252160764,-0.0031861262582,-0.0226524869379,-0.0237800943907,-0.027306842606,0.0908472327202,-0.00429228583665,-0.0165165410581,-0.0322314177876,-0.0288191081626,0.999894150547,0.000105849327786,0.0,1.0
167686,3241,1122991,56206,0,3332,32148,5.69698722613,0.697991404087,0.302008595913,0.991558613175,0.00844138682463,0.65010378733,-0.102659132416,-0.0573392359078,-0.0258462977133,0.127743698507,-0.0840696047881,0.0430710326828,-0.0127988386095,0.233811384287,0.0183229380741,-0.0523115505712,-0.143978492863,-0.133763485491,-0.141928297279,0.00248901798316,0.0295825214658,0.00721481811548,-0.0790227073063,0.00661761589363,0.0445168783115,1.0,1.18130827001e-104,0.0,1.0
97465,3286,691829,25967,0,4544,33211,6.09823013389,0.698518341708,0.301481658292,0.989853512191,0.0101464878095,0.703291920246,0.0826376029683,-0.0309959946811,-0.0574619470082,-0.117274507273,-0.0652741084646,0.0830764258151,0.0249506690762,-0.0814584725711,-0.0123314530699,-0.0193286729483,0.069041591669,-0.0475861604764,-0.0987368992592,-0.112340419419,-0.170964591522,0.0260101124503,0.0936610214238,-0.110007436092,0.0459217141842,5.72924160375e-30,1.0,0.0,1.0
579151,5058,3989106,162427,0,12014,206805,5.88785135483,0.698443224894,0.301556775106,0.997117168931,0.00288283106929,0.825410846173,0.334157798183,-0.124350687628,-0.049985872908,-0.0549432285554,0.0826005482987,-0.0235796141526,-0.0990980154866,-0.0283834832423,0.0138572264699,0.00171372953546,0.015359658103,-0.00234399336795,-0.0443466522415,-0.0262136558126,0.0234707538806,0.0257151457589,-0.00831171153684,-0.000621987427482,-0.0146437274571,0.0,1.0,0.0,1.0
136845,3458,919788,44517,0,1841,32585,5.72138550915,0.698044389788,0.301955610212,0.995205113544,0.00479488645616,0.799028747381,-0.0439190464562,-0.0105500725606,-0.0884673528106,-0.0980484924311,0.0647521568464,-0.0832015822269,-0.194134604924,0.156226643182,0.0976731832143,-0.0721897273227,-0.0405282599731,-0.0479277034657,-0.0125705712266,-0.0151680039171,-0.0998461350134,0.0602466647201,-0.0486544801464,0.0690251575608,0.0590176749308,1.0,1.31688274262e-121,0.0,1.0
134745,3326,923169,40850,0,1555,35434,5.8512301013,0.698138963108,0.301861036892,0.998038149312,0.0019618506878,0.867515818462,-0.164628494631,0.0303639873788,0.0302485357998,0.0389249347179,0.0235531449531,-0.0194452454597,0.0498653570908,0.0431000229585,-0.146041676802,0.0700548527708,-0.133047651408,-0.00023615526857,0.00573499004726,0.0337161308975,-0.00697545015208,-0.0606984749554,0.0113462937734,0.0152296608375,-0.0482462193367,1.0,1.35970345019e-39,0.0,1.0
272443,3630,1862976,79646,0,6190,81886,5.83803951652,0.698227008052,0.301772991948,0.995326181776,0.00467381822445,0.766093522356,0.3566774359,0.019916124918,-0.279460037,0.0574706134825,0.0560614548153,0.101234732101,0.0526632456376,0.0253633774718,0.0400638158109,-0.0680668977927,0.0356703498808,-0.0734710120462,-0.0482225317287,0.00875775874696,-0.103403342472,0.0600851067905,-0.0117551432499,0.0237595745427,0.0536757619321,0.0,1.0,0.0,1.0
181091,3488,1223044,54662,0,6227,52049,5.75375363767,0.698452104359,0.301547895641,0.995469390287,0.00453060971313,0.796887329804,-0.0579750001748,-0.115625368283,0.00363098247922,-0.191036257973,0.0234534258738,0.102405549238,-0.0126692540723,0.0138963563668,-0.0716602562444,0.0931191732329,-0.0730324268959,0.0141740276707,0.0570703797193,-0.0438574126528,-0.0531704486342,-0.0536043777101,-0.0239175223512,0.0407384413444,-0.0484851804367,1.43961721352e-49,1.0,0.0,1.0
90492,3247,611321,25058,0,2411,26315,5.75552535031,0.696676564296,0.303323435704,0.961300919404,0.0386990805957,0.490483247871,-0.0724068146358,-0.106598058722,-0.0213766385788,0.0312805914001,-0.0731571376557,0.152705777424,-0.0615102547596,0.0960087969667,0.027392176781,-0.0392000948189,0.000650892499675,0.0495482968554,-0.0389981397057,-0.199717443367,0.128693020259,-0.113585380433,0.060480200174,-0.0690253848564,0.0597553254011,8.23443537545e-88,1.0,0.0,1.0
85319,2469,574923,27487,0,778,20483,5.73851076548,0.698098450563,0.301901549437,0.998156147452,0.00184385254807,0.858530055359,-0.243686820774,0.168576687082,-0.0809208393742,-0.0109314844828,0.0232358820384,-0.0572426731449,0.00640451917924,-0.0556978917999,0.0138813399261,-0.0294307820014,0.0632621989843,-0.069883347574,-0.0654735035502,0.0548940028738,-0.0248649256514,0.0213176934162,-0.0651055966457,0.0455032654057,0.0252773971464,1.0,2.92649704829e-122,0.0,1.0
113427,2520,753727,31047,0,3630,32650,5.64504042247,0.698170287368,0.301829712632,0.996509419484,0.00349058051561,0.819651648895,-0.0584973157314,-0.205434139624,-0.021574048255,0.0695987391316,-0.133306139412,0.180841163362,0.0198948039174,-0.15545202482,0.00502780343916,0.0221106962561,0.125838628931,0.0285568675522,0.0349347360243,-0.0548919101554,0.00826042055648,0.00155448539396,-0.0240903317238,-0.0205819369162,0.0156038705922,1.18001266185e-37,1.0,0.0,1.0
85001,2461,560456,27895,0,2391,19284,5.59352242915,0.697549773686,0.302450226314,0.998048080407,0.00195191959321,0.770188871551,-0.334388789931,0.208336414652,-0.0496579289477,-0.101934301314,-0.0335761337186,-0.11659034691,-0.122720474436,0.0543234185182,0.102491953114,-0.0804411149992,0.0866913993552,0.0110165698769,-0.048425927901,-0.0352233264816,0.0387552653884,0.0113892352289,0.00832719146665,-0.00529706081297,0.0216388614153,1.0,1.78692987716e-134,1.0,6.20880178459e-36
207975,3396,1402822,55792,0,7250,80798,5.74514725328,0.698088821506,0.301911178494,0.992952662188,0.00704733781157,0.750322879982,0.142126564186,-0.311880889688,-0.00077169359153,0.0463443993073,-0.0890307081044,0.148878697072,-0.00951745995708,-0.129657218195,0.10113188614,-0.0216161945729,0.179661703072,-0.0293876216725,-0.00795496182424,-0.0370189460117,0.0120048180658,0.0477739314631,-0.0409885981763,-0.0108373687345,0.0281019224315,1.4226323945e-115,1.0,0.0,1.0
145238,2498,978653,43300,0,2795,34161,5.73827097592,0.69730724993,0.30269275007,0.99142046788,0.00857953212022,0.641011318979,-0.0767641265202,-0.0161531051285,0.0694217815704,-0.00181038138478,0.00757475058444,0.0638196665516,0.141431430206,-0.022326613402,-0.0926224608571,0.014592185385,-0.168311879244,-0.0711500108758,-0.101306379462,-0.0426874397363,-0.0626604952966,-0.0750137266784,0.0578096418353,-0.0655135117603,-0.00307583557139,2.76509695795e-194,1.0,0.0,1.0
188427,3696,1275636,61626,0,7394,39965,5.76992150806,0.697181993072,0.302818006928,0.995728230468,0.00427176953173,0.715873406929,-0.163508064766,0.0513368552838,-0.0987313250576,0.102100485409,-0.0847755483354,0.105833055843,0.0197472606155,0.173854983194,-0.0294357740616,0.00647854123065,-0.127291609962,-0.00370028782183,-0.0233404428911,0.0482867398004,0.0285907425512,-0.037228004036,0.0111449136087,0.00123092496534,0.019749562117,7.42467647504e-81,1.0,0.0,1.0
80846,2325,538815,23539,0,1079,23852,5.66470821067,0.698017835202,0.301982164798,0.997616447595,0.0023835524053,0.771215251718,-0.162569205041,-0.0544851414204,0.0426459361732,0.210676026215,-0.127559260773,-0.0324504899607,-0.0943660905017,0.0647854089986,0.012244928979,-0.015551712084,-3.06012122126e-05,0.101293801964,0.0748131669918,-0.0764842383225,0.116481292234,-0.0302992653181,0.0689548312463,-0.0625799456834,-0.035265623991,1.0,1.74647397524e-116,1.0,2.75823260504e-207
97306,2586,650930,29721,0,1886,27375,5.68951554889,0.698005663274,0.301994336726,0.993386572815,0.0066134271852,0.732194445037,-0.156867504966,-0.00648078402224,-0.000158227440731,-0.153615212073,0.048896424944,0.0216438264434,-0.115306060252,0.184066999109,0.0780780574703,-0.0355302403913,-0.104804462845,-0.0248317220124,-0.0236129642488,-0.161406752114,0.0103930500424,-0.0145103829761,0.0624148519887,-0.0422602342194,-0.00984492857857,1.0,1.68554502282e-118,0.0,1.0
354855,4763,2437981,94500,0,10113,106912,5.87035831537,0.698170327865,0.301829672135,0.978395097275,0.0216049027252,0.518976698183,0.168742087348,-0.0933110234144,-0.149453351934,0.0738711660029,0.237056025859,0.000640348315479,-0.0505864282486,-0.103752519003,-0.0919947867923,0.0176551141242,-0.0574312492121,0.0949233509953,-0.0617286140129,0.076558153657,0.150292081472,-0.0223234498905,-0.0838433880713,0.0135246486011,-0.00415157779438,0.0,1.0,0.0,1.0
120688,2821,809908,31528,0,3365,46209,5.71075831897,0.697772211782,0.302227788218,0.982733582365,0.0172664176348,0.645794397012,0.124846200688,-0.306284158521,0.246247477983,0.0193816983326,-0.0418750157741,-0.120431383082,0.0558870991669,0.026276587838,-0.0330384799731,-0.0761336992046,0.0841601575127,0.0483284347836,0.0472294439872,-0.069653099371,-0.0232181081287,0.0661776108328,-0.0653972113089,0.010453784581,0.0235291758948,1.0,1.64389070678e-118,0.0,1.0
104075,3775,702565,32720,0,1536,25050,5.75056449676,0.697598018229,0.302401981771,0.993096272769,0.00690372723098,0.735679719603,-0.0942482260883,0.0357974373319,-0.0328168640025,0.245676356157,-0.0248896641682,-0.0623253392017,0.0712764054541,-0.00450712673834,-0.0389106677862,-0.0086579468297,-0.0213804948293,-0.0582560017399,0.0131245749657,0.0429630344493,-0.0651734085231,0.044221674274,-0.0478865320982,0.0541049388085,-0.0115596445226,1.0,6.47331688508e-78,0.0,1.0
346161,6770,2380754,97371,0,7482,106055,5.87759164088,0.698877283941,0.301122716059,0.995053629727,0.00494637027349,0.638904086634,0.0740124265601,-0.194623429094,0.207998434462,0.0416719665182,-0.0340670994862,-0.150600738087,0.0796539249358,-0.117569983591,0.241105064359,-0.0203674905971,-0.111872049728,0.059096037855,-0.104821438347,-0.0774427364136,0.046978711375,0.00699589854006,-0.0347444636483,0.0337938824261,-0.0150557575511,1.0,0.0,1.0,0.0
113977,2903,759458,35337,0,2249,28066,5.66325662195,0.698620019803,0.301379980197,0.997198667077,0.00280133292307,0.511448668058,0.221445332713,0.360584781316,0.205424243199,0.0838935020619,-0.0309910966319,0.173115184172,0.00576778802608,-0.0255190768377,0.00723489921973,-0.0969143645723,0.0662979053603,0.0433979477079,0.0726814563336,0.00876510151634,0.208144152537,0.00107639775457,-0.0533287304887,0.0134599741081,0.0657335707439,1.0,4.24059516617e-99,1.0,0.0
123961,3242,835870,39633,0,1589,36784,5.74300788151,0.698613525018,0.301386474982,0.997273037441,0.00272696255904,0.685266238654,-0.160858083177,0.175333488962,0.0100166407173,-0.142199327462,-0.0197394864029,-0.027434772415,-0.00019757792976,-0.0401502093059,-0.0104925353444,-0.0212321839386,0.0352540730961,-0.0583209194362,-0.14354665752,0.0219326897297,0.0550722171392,-0.0432304297883,-0.0329015254025,-0.0187938496598,0.0612627794545,1.0,4.85628384822e-143,1.0,0.0
64171,2613,429050,19284,0,2473,16046,5.68604198158,0.69791337175,0.30208662825,0.998509577438,0.00149042256251,0.811818701291,-0.186673179511,0.111032383316,0.0624943882173,-0.0739453720003,-0.00711432947902,-0.137172403409,0.0481763891472,-0.0774646845305,-0.030626968559,0.048644424868,-0.061277816269,-0.0274334423029,0.0388939116879,0.0575134541208,-0.0633708283424,-0.0629637574417,0.0333195392031,-0.0242657047491,0.0553973950009,1.0,5.97349281345e-147,1.0,0.0
49261,1611,328199,15139,0,622,13037,5.66245102617,0.698202028329,0.301797971671,0.998642384814,0.00135761518561,0.779577237049,-0.25086946962,0.15192938997,-0.034984885325,0.128241749719,-0.0601533582312,-0.0732872158549,0.0705477213117,-0.128087562599,-0.0487876759666,0.0235490910936,0.053167668307,0.053876115943,0.0892601956916,0.00373684170517,0.013423873195,-0.0473032212472,0.0313838708962,-0.0581096773332,0.0220794941661,1.0,1.28570797256e-109,1.0,0.0
121643,2739,814447,38386,0,1655,34087,5.69538732192,0.697807877164,0.302192122836,0.998248938391,0.00175106160934,0.817533831514,-0.228716555595,0.0587746172903,0.0396359668194,-0.10839528376,0.00222439572034,-0.0967605658273,-0.0711465300031,0.0543206102218,-0.0235644905003,0.00984992477305,-0.0753969294277,-0.000272557165702,0.0206858475531,-0.060044924221,-0.0173833965437,-0.0617179036963,0.0890138305199,-0.0575228833566,-0.0238698653744,1.0,9.23905276347e-99,1.0,0.0
131323,2637,869405,39415,0,3342,39465,5.62035591633,0.698433283187,0.301566716813,0.998913093075,0.00108690692468,0.667798475805,-0.0195812707112,0.204352883272,0.234775816534,0.0498351867773,0.154524008705,0.243331701705,0.0893695722682,-0.0188644401566,-0.00385021425354,-0.0317003410257,-0.0763023617879,-0.0472858960007,-0.0622730646981,-0.0590398578406,0.010095920627,-0.00116174561394,0.0324983212122,-0.0352745493176,0.0511590779895,1.0,1.97692136857e-269,1.0,0.0
88221,3076,573646,27321,0,2237,24172,5.50237471804,0.698136043078,0.301863956922,0.995551080659,0.00444891934092,0.594814001053,-0.074645254561,0.038352451106,-0.0104276838899,0.0151085020037,-0.00492776309216,0.0387062432497,0.272261034841,-0.129707659988,0.280900794023,-0.0219839624118,-0.267499410907,0.271939356803,-0.0674894892995,-0.0586689133719,-0.0137335720354,-0.0569140793111,0.00535590842421,-0.0113048842978,-0.00657073124053,1.0,1.23330446765e-43,1.0,0.0
28832,1245,188076,8623,0,1288,6470,5.52316870144,0.698445103973,0.301554896027,0.945217214132,0.0547827858684,0.206578253152,-0.0353806741141,-0.00609243880731,0.0157945352558,-0.0115740266958,0.0703199276758,0.0265779688874,0.0173655498073,-0.0010537719326,-0.0999474501262,0.111292459932,-0.158216780938,0.0838169677413,0.192615992012,-0.175311215383,0.000404324726332,0.156240911561,0.166638246391,-0.221911917205,0.590671860352,0.976108321615,0.0238916784145,1.0,0.0
236268,3050,1623086,57912,0,4984,97164,5.86968188667,0.698903555411,0.301096444589,0.989115160074,0.0108848399261,0.526891437603,0.487226064641,0.267598242873,0.192492069468,-0.0243860846039,-0.301274559427,-0.186096515086,-0.0413960366273,0.0363460253805,-0.0484165029873,0.020290977513,-0.00736836733692,0.0129308402607,-0.0625173776181,-0.0628067975151,0.00210949898538,0.00574548602659,0.0185223922789,-0.0337732997792,-0.0244935282606,1.0,1.42084912785e-62,1.0,0.0
113088,3097,765923,34520,0,1785,30423,5.77280524901,0.697897394861,0.302102605139,0.997100099787,0.00289990021339,0.734347065552,-0.20202542985,0.0603616922057,-0.0124869920926,-0.0750254289634,-0.018885219879,0.0447804293778,0.0299133565849,-0.0542980440583,-0.0822810932873,0.0463075036277,-0.00463056706414,0.0073904262467,-0.00272598538673,0.104215531173,-0.0250698314909,-0.0268739895229,-0.023344725037,0.0406134427882,0.00392704823718,1.0,8.81583967502e-84,1.0,0.0
106907,2717,711927,34529,0,1087,22678,5.65931136408,0.697854255945,0.302145744055,0.998162388253,0.00183761174671,0.807647379325,-0.221437317291,0.170246785091,-0.0801868564995,-0.0114686327581,0.042319881881,-0.0397745686007,-0.0131937452604,-0.00622997592683,0.00281480808356,-0.0032083557029,0.0346029998501,-0.0112737408263,-0.00136336634885,0.0541383237006,0.0342812774372,0.0236152152586,-0.032222078963,0.0126973366496,0.0117261876424,1.0,4.48161914625e-109,1.0,0.0
101397,2519,673872,32686,0,2489,25252,5.64587709696,0.698577168404,0.301422831596,0.998339414097,0.00166058590332,0.741838042689,-0.0123469685626,-0.00725573509014,0.184086654706,0.0427900638238,-0.0196757692196,0.00531472669412,0.125933960704,-0.0192945255266,-0.00941871578741,0.0037127525057,-0.151162229347,-0.103135440527,-0.0579154347969,-0.0377546093021,0.0739940050632,-0.100009065918,0.0388606235339,-0.0893811160412,0.0123515951781,1.0,4.36324611711e-61,1.0,0.0
127641,3377,858798,40245,0,2056,33400,5.72822995746,0.69822338411,0.30177661589,0.998132648878,0.00186735112189,0.774794834447,-0.094653683322,-0.0903696095535,-0.0447238571486,0.120033187589,-0.0903385080919,0.161069062368,-0.0344683449647,0.0426590446826,-0.00831056076918,-0.0203260467601,0.020691601792,0.0280721092128,-0.0540001480466,-0.0673365712523,0.126584107477,-0.0176466536816,-0.0035578997015,-0.00108689621201,-0.0289048262599,1.0,4.45842148612e-38,1.0,0.0
206895,3667,1347243,69184,0,4606,43063,5.51172333793,0.698034557421,0.301965442579,0.99800407423,0.0019959257698,0.67001153227,0.253429288668,0.307512610553,-0.0210770085173,-0.136528399832,0.0233863356557,0.0910965894561,0.106499160087,0.0347194108073,0.00707841726974,0.121332822351,-0.103053009745,-0.00413241000413,0.0799741599787,-0.0322238553487,0.146002597198,-0.013791003649,-0.0927166035083,0.0375200864307,-0.00144475288283,1.93550022543e-145,1.0,1.0,0.0
62137,2509,422508,17431,0,2445,20306,5.79962019409,0.69862636727,0.30137363273,0.997732076332,0.00226792366754,0.663742031942,0.392440516902,0.408555060361,0.0364322459852,-0.0315293516929,-0.219539774263,-0.0368449713882,-0.0308807144133,-0.0422961171388,-0.0667361226559,0.00686272044786,0.0349900520327,0.0848864214698,0.00953993372121,-0.0524520795265,-0.0116646411498,0.00659440755448,-0.0034228606113,0.0232596195218,-0.000180993685342,1.0,3.69832345337e-27,1.0,0.0
56576,2076,377311,19106,0,1804,14013,5.66909997172,0.698611999889,0.301388000111,0.992653653468,0.00734634653182,0.622485220065,0.105094773837,0.00659117949305,-0.092566080032,-0.0200641253616,0.200476410254,-0.126561097657,-0.0625713833849,0.0458362565728,0.018356376886,0.0815566934364,-0.0407954174432,0.0195645963554,0.129955742026,0.0797898599758,-0.0410284686321,0.25933347669,-0.0185133844911,0.00735910540272,0.00987157449258,5.2097782819e-53,1.0,1.0,0.0
78880,2558,538880,22289,0,1824,24802,5.83164300203,0.698662640912,0.301337359088,0.996171053108,0.00382894689205,0.684342947424,0.37855887923,0.289020845586,-0.136456944005,-0.0351863953135,-0.218968351828,0.0251559897358,0.0709706231469,0.00462471848945,-0.0652232308747,0.0188812098601,0.0554699313716,0.041919297359,-0.0617658121717,-0.0540145005733,-0.0267193641794,-0.00174959839246,0.0392536854132,-0.0366797068257,-0.00273378223235,1.0436745276e-108,1.0,0.0,1.0
179643,3063,1244148,49377,0,3824,63162,5.925669244,0.69871824137,0.30128175863,0.996332762757,0.00366723724266,0.467036296923,0.00530299025215,0.218766166935,0.275105672426,-0.0544379070468,0.195765795299,0.229156195285,0.00589455354551,0.0250824127957,-0.0276885836271,-0.0907599521146,-0.0225715101988,0.0140375180999,-0.0189440942315,-0.0785001118327,0.0144087331158,0.0229591083735,-0.0413030803085,0.0698379602754,0.00350411780544,1.0,0.0,1.0,0.0
150432,2932,1015320,42727,0,3207,45455,5.74936183791,0.698410399954,0.301589600046,0.997806279242,0.00219372075815,0.851507737139,-0.0636241153181,-0.17693149247,0.0217181711629,-0.0351137180451,-0.07257136468,0.20502771119,0.0414545551972,-0.0599465893557,-0.062782459687,0.052672410674,0.00259510062319,-0.0288027713194,-0.00544318919402,-0.0834175868741,-0.0320229219635,-0.0434169174605,0.0145359673097,-0.0356750087173,-0.0014293400838,1.05705350266e-75,1.0,1.0,0.0
163300,2781,1113295,43806,0,3513,61704,5.81748315983,0.698726195234,0.301273804766,0.995182418281,0.00481758171882,0.551145922458,0.496055865655,0.37352290685,0.15688044038,-0.0259570914072,-0.303289982211,-0.0914743576301,-0.067432260345,-0.00185493779226,-0.0628600916091,0.0121310928148,-0.00137748183713,0.0990775964973,0.000416910212887,-0.081581283141,-0.0347579793046,-0.00232144822508,0.0150151630191,0.00792886295848,-0.0197967397548,1.0,1.72863450099e-43,1.0,0.0
250726,3594,1715139,74478,0,4390,65714,5.8406906344,0.698474830255,0.301525169745,0.996894906336,0.00310509366358,0.710759495768,0.151961429174,-0.0448174983274,-0.208994149545,-0.0148849701058,0.3084313945,-0.00560961402461,-0.16361579484,-0.0850689237958,-0.141627922111,-0.0109013068071,-0.0332612212091,0.0955745589727,-0.113166202558,-0.0258951608196,0.0545890596129,-0.0452451774208,0.0148475854067,-0.0172339108119,-0.0444814050428,8.86836792555e-39,1.0,1.0,0.0
108212,3381,757102,28797,0,1574,35858,5.99646989243,0.698900747852,0.301099252148,0.997669664466,0.00233033553415,0.800670778916,-0.112429374257,-0.0420542621326,0.170650954996,-0.11424783827,0.0248154650242,-0.0780283716894,0.0359599747325,-0.0257343949892,-0.104125198326,0.0670112560476,-0.151270878396,-0.0954790934979,-0.0918316145735,-0.0490048626583,-0.0231094949502,-0.0482355242667,-0.0141365997194,0.0478852787369,-0.00270776149132,1.0,1.30970142311e-200,1.0,0.0
21317,1943,145121,6460,0,433,6279,5.80775906553,0.698097163646,0.301902836354,0.998096414849,0.00190358515131,0.820348686878,-0.259292008946,0.19558987744,-0.0784970672917,0.0839636204865,0.0154409076062,-0.0939137187485,0.0233570732717,-0.119380388199,0.0225298567201,-0.0316798815492,0.133823411042,-0.0143064827407,0.0542007251106,-0.0303115088693,-0.0674253256526,0.0439507087679,-0.0115131689093,0.0269414555573,0.0225166943184,1.0,4.19000855644e-60,1.0,0.0
130457,4090,897166,41105,0,2572,33018,5.87710126708,0.698494802945,0.301505197055,0.998121659166,0.00187834083374,0.811591665133,-0.272508873695,0.131733142047,0.00901183411272,-0.026619565909,-0.0406770195646,-0.0549542586409,-0.00684004961659,-0.0726603391594,-0.0311939305925,-0.00466006780104,0.0451943001919,-0.0788422367633,-0.0757237469309,0.0380323695841,-0.0198482402193,0.00884647239783,-0.0351028769848,0.00633456019935,0.046835897492,1.0,9.4829718012e-311,1.0,0.0
54832,2157,365465,17958,0,422,11318,5.66517726875,0.69837010954,0.30162989046,0.998202264743,0.0017977352573,0.817349475165,-0.306841999239,0.132015649644,-0.0591270510815,-0.0926568283755,-0.0285077383028,-0.0439363554914,0.0160358412039,-0.0637890374808,-0.0392748011527,0.0589748717358,0.0127160662731,0.0587069475825,0.111403767187,0.0876475838042,-0.0732597385039,-0.0461670935633,-0.000608842113586,0.0161230929516,0.038701202615,1.0,2.42220099982e-118,1.0,0.0
109930,2465,736540,32199,0,5683,33941,5.70008187028,0.698816953217,0.301183046783,0.98900313319,0.0109968668099,0.523853896936,-0.11787059464,-0.104055787861,0.00248616695151,-0.0671009002874,-0.0674938918025,0.105841216323,-0.156287071896,0.00583870085248,0.0233791587149,0.021778607532,0.121256594461,0.0541625219462,0.0398021456564,-0.141306708988,0.0531409109596,0.14775490836,-0.00389522257964,0.0316823340643,-0.184646027937,1.0,2.63457256776e-40,1.0,0.0
136965,2716,934914,40999,0,3473,41462,5.82593363268,0.698845129146,0.301154870854,0.997580599151,0.00241940084899,0.704892941937,0.497372524673,0.227833633278,-0.026637504846,0.00763952568438,-0.205890930194,0.0284764178186,-0.0104583786543,-0.0277014943601,-0.0819355301352,0.00620438631995,0.0241869838534,0.102243099131,0.0182198971485,-0.0276876795751,-0.0637676801229,0.00140749487039,0.0487758003604,-0.0108141068156,0.0290925729479,2.88565505341e-23,1.0,1.65994669645e-304,1.0
161131,3092,1044636,54266,0,7821,33474,5.48314725286,0.698348939576,0.301651060424,0.997006405921,0.00299359407868,0.621450734863,0.0913445975967,0.315631682055,-0.0328559249591,-0.282122989482,0.0483824337758,-0.0443601563968,0.0362159209996,-0.00641980127346,0.0106304558031,0.115500059714,-0.0101888089063,-0.0277027178245,0.0472330695056,-0.0302974883476,0.145315193426,0.00230023368962,-0.0588039038504,0.0254959514048,-0.0388342125074,1.0,1.94952841472e-21,1.0,0.0
135103,2644,909468,40995,0,1700,36795,5.7316639897,0.698179402167,0.301820597833,0.98385175522,0.0161482447796,0.434449289063,-0.109347019558,0.0469604248829,-0.030096677896,0.131837460022,0.00992255927013,0.0396807314212,0.0669771951762,-0.0395396599698,-0.102615051285,0.0593424347114,-0.0201809581759,-0.012117110644,0.00501793603251,-0.0344415560438,0.0885883570883,0.0523606451174,-0.0223717065605,-0.0779800954202,-0.130539937732,2.1054214947e-63,1.0,1.0,0.0
95888,2478,643136,31353,0,1138,19012,5.70715835141,0.698116596367,0.301883403633,0.99474648924,0.00525351076015,0.5857184842,-0.132852021565,0.0852239221643,-0.0554095767157,0.132509398982,0.0281763208461,-0.0623681727619,0.030172794076,-0.0155252058707,-0.0587967410425,0.0472384512602,-0.0370572494112,0.0499486222118,0.130259179273,0.0324514494508,-0.0603066979147,0.0612180072606,0.009015513622,0.0140067934303,-0.0115037016434,1.0,3.41716052325e-91,1.0,0.0
127500,2929,855704,42009,0,3323,21023,5.71140392157,0.69841545579,0.30158454421,0.99789313907,0.00210686093003,0.752796163167,-0.296617129905,0.109186360553,-0.0769165213512,-0.0158538613843,-0.0493523937845,0.0172844984953,-0.0917801804041,0.17082661983,-0.00715958811771,0.0078174884247,-0.0531238530889,0.0548980084874,0.0102700721875,0.0872938309215,0.105101016788,-0.062759739354,-0.0487648626585,0.0420603111818,-0.0468321381393,1.0,1.44377527934e-108,1.0,0.0
135147,2821,914471,41474,0,1829,36947,5.76649130206,0.697587582451,0.302412417549,0.997659350314,0.00234064968641,0.833772641893,0.0235567146995,-0.0531062100327,-0.145187095598,0.216688257728,-0.0135783105986,-0.0309109844833,-0.0470692282372,0.184711687454,0.0509180806343,-0.0756973648098,-0.0767025582732,0.0058159386745,0.033339295565,0.0805087742671,-0.0595949526178,0.00143032616436,-0.0142632988709,0.0089368676358,0.073493589644,6.8838047121e-150,1.0,0.0,1.0
176824,2577,1244268,45725,0,5009,107678,6.03675971588,0.701156716471,0.298843283529,0.981498820065,0.0185011799348,0.216213985107,0.148009930349,0.285747604606,0.513216750377,0.0755553076467,0.126322223725,0.376163693876,-0.206370968871,-0.000239582834096,0.0572266525288,-0.241339746083,0.00182710619144,0.0290047805552,0.104333160149,0.188734165991,-0.126867502552,-0.0340866038379,0.0453491449814,-0.0524729137929,-0.0266398604064,1.0,0.0,1.0,0.0
152550,2930,1017542,49666,0,1685,37566,5.67021960013,0.698034876264,0.301965123736,0.99808000212,0.00191999787995,0.865410098783,-0.0801794135595,-0.070399497748,-0.0445654238126,-0.108542925536,-0.000803130199353,-0.0512598996986,-0.144383303124,0.141114241616,0.115169541756,-0.0339151114085,-0.00118773882717,0.0103454933511,0.0374308719391,0.0784781913893,0.026867379556,0.00578021596512,-0.0183462918166,-0.000927355858186,0.0436316242656,1.0,6.73182701936e-31,1.0,0.0
115824,2719,784165,33405,0,2892,35376,5.77031530598,0.697397251481,0.302602748519,0.997637431579,0.00236256842117,0.81344991799,-0.0304036901654,-0.0778240210566,-0.0778900762221,0.0507617053869,-0.00559518249024,-0.00643365530082,-0.180479324643,0.106813086867,0.0262995455432,-0.0448825971736,-0.00452188616023,0.0680438479945,0.0466134079629,-0.0610565780928,-0.0384253787468,0.0070478249293,-0.0606474170189,0.105876998661,0.0248421365733,0.108512298565,0.891487701227,1.0,0.0
114606,3302,791244,32536,0,921,36724,5.90403643788,0.698054494574,0.301945505426,0.998366548669,0.00163345133101,0.867810180711,0.0296815321822,-0.0992378197005,-0.0319893851373,0.220914310118,-0.0523421470761,-0.0425960753035,-0.0293261374969,-0.0821386623894,-0.0241717407931,-0.0213049802702,0.0473765071599,0.0423779908183,0.0894844193817,0.00792606849119,-0.0886687901794,-0.00716065775561,-0.0140379316717,0.0136256220998,0.0991582691496,1.0,8.24961839476e-69,1.0,0.0
70533,2298,478963,20853,0,766,22046,5.79062282903,0.698581584849,0.301418415151,0.998611847148,0.00138815285232,0.812545578276,-0.214474584854,0.0928045064902,0.0919444707908,-0.00201531301193,-0.0736291927927,-0.145972101773,-0.000319203110055,-0.063446554895,-0.06366003113,0.0195736644036,-0.00422134056907,-0.0415979522718,-0.048542484621,0.0616488460113,0.00989036829091,-0.0585342486937,0.0153384247165,0.0374414471583,-0.0203232114725,1.0,2.70936437627e-199,1.0,0.0
69234,1958,467627,21203,0,588,17262,5.75429702169,0.698667027111,0.301332972889,0.988733215124,0.0112667848761,0.557470032759,0.00907526439428,-0.0592405632546,0.0515820248702,-0.201306577098,0.162178699515,-0.173833589635,0.306976260243,0.258938190367,-0.249261662091,-0.28701753589,0.230671674484,0.233222257899,0.0473824351192,0.0686614366652,-0.0247542846278,-0.0140987301661,-0.0173198765675,-0.0298745658013,-0.0189168453724,1.0,9.95101235728e-98,1.0,0.0
322540,4163,2193313,87024,0,4972,109542,5.80012711602,0.699132864984,0.300867135016,0.943542820604,0.0564571793962,0.215385964362,0.0139698522343,-0.0500202404691,0.0194795982289,-0.0594905833556,0.0125647596956,0.0417579622043,0.0606991512261,0.000260008316109,0.00386519243523,-0.0477932160033,0.0780117165941,-0.0444320118396,-0.112603842044,-0.0454050957305,0.129072130466,0.100092850888,0.610372619184,0.571014703559,0.0561280406908,1.0,1.31138118978e-144,1.0,0.0
113211,2862,789407,27400,0,1582,50754,5.97288249375,0.698132584303,0.301867415697,0.997740793876,0.00225920612383,0.817587609737,-0.124629086286,-0.0829204814501,0.0762962087229,0.246426849819,-0.173875273381,-0.0786870223585,0.00773722404878,-0.0543201864643,-0.0295689868364,0.00665743947168,0.0748082139035,0.013275846666,0.0485701360545,0.0602289235594,0.0418172817367,-0.0226305538829,0.0250569455822,-0.0699548440288,-0.023895468412,1.0,2.49926604374e-151,1.0,0.0
198662,2897,1347211,58191,0,2552,52437,5.78142271798,0.6981599506,0.3018400494,0.998457209964,0.00154279003598,0.759947164679,0.36888226223,0.0571796599004,-0.0624867792916,0.147316596328,0.113692689164,-0.113151746918,-0.0514764932295,-0.0554386301956,-0.00114052212286,-0.0418151649137,-0.0233692853505,0.029622194453,0.0246351554838,-0.0115104833681,0.00932036150205,-0.0464976446921,-0.0189150506355,0.0278493267869,0.0484898163189,4.22288527788e-05,0.999957771001,1.0,0.0
78200,2010,526245,23235,0,854,22947,5.72947570332,0.697740189877,0.302259810123,0.996800372415,0.00319962758529,0.754456105589,-0.2777163795,0.0883896749695,-0.0569678240157,-0.0138171046144,-0.0742167910825,-0.00304045513149,-0.124827901224,0.170064509172,0.0027679615959,-0.0152203651509,-0.0464463614875,0.0537003953585,-0.00205787758317,-0.0852862169867,0.0370907867541,-0.0551302671998,0.0217988747514,0.0048461901619,-0.00947876178281,1.0,4.93405897909e-116,1.0,0.0
1901905,4977,12665753,578324,0,75048,779529,5.65950875569,0.698726938313,0.301273061687,0.983330070714,0.0166699292858,0.444596547313,0.0965776406696,-0.191680481567,0.079958435219,-0.0623777506667,-0.0426520101307,0.0172519342056,0.0680898524169,0.0674234288018,0.0109724091722,0.0463837372361,-0.0461560205761,0.00491657152656,0.062689223123,0.245744722545,0.0807027595337,0.0973336707353,0.246495230792,0.168342969951,-0.0462592054747,1.0,0.0,1.0,0.0
309283,4284,2101451,90855,0,10861,101658,5.79458942134,0.698323137319,0.301676862681,0.997202174541,0.00279782545948,0.803291420087,0.0407403774201,-0.14248704464,0.00641485520403,-0.118847551596,0.0303840028083,0.101750572421,0.0556527488224,0.00285782576096,0.00240844978697,0.00389725894819,0.0190468519258,-0.0827384598084,-0.0740347999567,0.0145767440497,-0.00881279076572,0.0548245798838,0.0158827556357,-0.00134506169517,-0.00436991110706,1.25445225358e-265,1.0,1.0,0.0
274074,3432,1850516,82650,0,2966,82392,5.75188452754,0.698541540517,0.301458459483,0.997176116409,0.00282388359122,0.76017859052,0.247677075286,-0.169278824539,-0.0643580998241,0.10275533628,0.0356520975987,0.00936162853473,-0.065335518717,-0.0439617061824,0.00875765467902,-0.0013812766722,-0.0231711475213,0.0240955352256,0.0233548233301,0.0356762988021,-0.00687095381733,-0.0230013185305,-0.0722885227112,0.109903813325,0.0268427657516,1.62446964063e-18,1.0,1.0,0.0
64240,2309,446254,19757,0,2150,15716,5.94666874222,0.698554850718,0.301445149282,0.996268453831,0.00373154616935,0.570879387557,-0.239128952702,0.162242313986,-0.020532751088,-0.0813478161642,-0.0306016836957,-0.0630321658891,-0.00550573798163,-0.0713373899187,-0.108448972074,0.0752631355119,-0.0175237006594,0.0178755862241,-0.0108441735558,0.112536695616,0.032187680097,-0.0951041152289,-0.010216702391,0.111041380225,-0.101869724744,1.0,1.48476794324e-146,1.0,0.0
162555,2592,1104833,46669,0,4804,40206,5.79667189567,0.697852928851,0.302147071149,0.992677788875,0.00732221112546,0.517333590751,0.188348832389,-0.0903798024473,-0.119047528136,0.0621086638282,0.215981469929,-0.0100320948893,-0.062704844988,-0.059049917021,-0.0972038585367,-0.0214517483028,-0.109909448516,0.0504204315867,-0.0581406817073,0.0421287552018,0.0827400642643,-0.169564223654,-0.0147402622473,0.0434768402154,-0.000717169532147,0.0,1.0,1.0,0.0
108405,2810,736302,31343,0,1512,32334,5.79214058392,0.698455963815,0.301544036185,0.997015624814,0.00298437518607,0.638226994152,0.0146869205234,0.0760885369057,-0.130942892359,0.144168364757,0.187046728023,-0.0164743833703,-0.0544679938199,-0.150612001458,-0.116827222194,-0.00195304073414,-0.0169579809094,0.113507913565,-0.024159855335,-0.0721031891942,-0.00369842216718,-0.0215644734466,0.0658638577644,0.0118470559693,-0.0746519882869,1.0,1.55790776689e-90,1.0,0.0
31298,2390,210482,9262,0,1160,9016,5.72509425522,0.698566858998,0.301433141002,0.994559058934,0.00544094106648,0.646803736657,-0.0859841982613,-0.177027751227,0.0319993250116,-0.00559192768034,-0.0733666056677,0.203990732253,0.03347516889,-0.0932794214631,-0.120678692178,0.0980112249661,0.0147063874076,0.0619659814749,0.0989367591291,-0.110076125471,-0.0678099552924,-0.0385133593212,0.0769248509026,-0.0245651950964,-0.0685403899339,0.999998075424,1.9245566179e-06,1.0,0.0
302841,3342,2068638,79906,0,7294,99668,5.83077258363,0.697754196348,0.302245803652,0.992630299551,0.00736970044951,0.660793437187,0.272510599951,-0.123806140561,-0.224792024832,0.0385302451545,0.13552411499,0.107421524204,-0.0284242326493,-0.0450415424183,0.0456380761874,-0.107787501949,0.0916010449325,-0.0675270109229,-0.117769958286,-0.0138227287796,-0.0662680743308,0.0247851764847,0.0155805748206,-0.0638530611373,0.0692659277197,0.0,1.0,1.0,0.0
284580,4220,1916946,86389,0,5827,90478,5.73605313093,0.698446008233,0.301553991767,0.998445175896,0.00155482410371,0.776336532219,0.0631308253632,0.023952613028,-0.137500769316,-0.0737584260982,0.254693700031,-0.0553610671114,-0.142347328649,-0.168010246063,-0.0994568727047,-0.0440711365868,0.0357722035514,0.0250093184992,-0.182260688481,-0.00856444595571,0.0479346489428,-0.061163652554,0.0294236328292,-0.0362066920652,0.00203888910374,1.0,0.0,1.0,0.0
165154,2944,1113281,50282,0,2324,47871,5.74086610073,0.69818680419,0.30181319581,0.997744963682,0.00225503631819,0.836317134412,-0.127276913887,-0.127525580633,0.00718935175804,-0.215902390399,-0.018299325368,0.117052012362,-0.0424158431772,-0.101250928081,-0.0331333057637,0.0805435629735,0.0322418674996,-0.0187588191574,0.0598637941742,-0.0186050889787,-0.0632444021235,-0.0258973835857,-0.0349471254129,0.0149196604959,-0.0109804282988,1.0,9.19269554405e-11,1.0,0.0
207318,3123,1429350,54951,0,4889,74694,5.89448094232,0.698464786153,0.301535213847,0.997280001537,0.00271999846313,0.71439378058,0.169892886975,-0.136122296508,-0.0153159318647,0.126998754324,0.208490005438,-0.109948863715,-0.101294249796,-0.114898589607,-0.124832751913,-0.000173009264253,-0.0895074725127,0.0393615404528,-0.070380682226,-0.0607757119062,0.0664770018825,-0.0737343293916,0.0356487304884,-0.0564390450231,-0.0347744998676,1.0,1.02301867039e-168,1.0,0.0
280000,2885,1925738,70339,0,4752,116598,5.87763571429,0.698829807554,0.301170192446,0.976289468054,0.0237105319458,0.394794291133,0.272214217866,0.0180488216195,-0.0403653154255,0.122763849659,-0.0246322021978,-0.168780811384,-0.00568594693488,0.0417138547913,0.0701585253708,-0.0471987336886,-0.00246568145263,-0.0534218242544,0.0370265412362,0.00595657697255,-0.0705827335545,-0.000928726887102,-0.0354651501435,0.0620058277552,0.138196522885,6.36180919609e-205,1.0,1.0,0.0
134265,2224,885171,41057,0,4055,41982,5.59271589767,0.698087416769,0.301912583231,0.992830829376,0.00716917062373,0.64626282782,0.283262098876,-0.0401678989959,-0.185460894325,0.151515212975,0.179452134451,-0.0514458727535,0.0816607956135,0.0678383585348,0.183195137615,-0.0716454977791,0.0255008254761,-0.227656081062,0.284664351685,-0.0675522238742,-0.0010431491338,-0.158111925172,0.0219940838762,0.021190996598,0.00241686194895,2.44900076175e-54,1.0,1.0,0.0
432981,5015,2830834,123414,0,23087,145815,5.53800975101,0.698433817608,0.301566182392,0.992960682708,0.00703931729178,0.583147412682,0.204626042621,-0.0926966800683,0.0426149373697,0.00320703114681,0.176736750359,-0.243059762789,-0.104243634009,-0.0266502199063,-0.0555881034095,0.00892652163382,-0.0928919760225,-0.0471313282851,-0.0827100677832,0.0131398501533,0.0678967306191,-0.0981180087643,0.0382076356019,-0.0558962729211,-0.047556622284,1.0,0.0,1.0,0.0
146849,4136,990213,44788,0,4053,40301,5.74306941144,0.698116815995,0.301883184005,0.994341634468,0.00565836553174,0.63788304965,0.0917540494895,-0.232948346331,0.178956235863,0.0216245209313,-0.0245916176179,-0.0319369514756,0.125787859389,0.0263972926321,-0.0340949288297,-0.0489611305547,0.0868020877793,-0.0642826560356,-0.0613131764062,0.0215518432124,0.071692234834,0.0757424957096,0.116924795988,0.0333746610861,-0.027724400191,0.99999983469,1.65096690644e-07,1.0,0.0
101622,2391,690121,32219,0,1128,23284,5.79105902265,0.698160812707,0.301839187293,0.998432527246,0.00156747275365,0.782784216838,-0.190945069329,-0.0138536645428,-0.032147611503,0.204128099738,-0.119737787061,0.0325911137884,-0.0671229187601,0.184263815516,-0.0578749548948,-0.00149887950191,-0.0603905652758,0.0831616955331,0.000991662315825,0.108097407655,0.0960536442516,-0.0412528734857,0.0122995158947,-0.0251205708402,-0.0486151876782,1.0,6.92838184601e-15,1.0,0.0
144867,3282,982827,44559,0,9408,32075,5.78434011887,0.698571843464,0.301428156536,0.980181860957,0.0198181390427,0.304786741437,-0.0145818805739,-0.0251941031666,0.0428662442128,-0.0290196861039,0.0365631581641,0.129972345972,0.114521326546,-0.0552750346063,-0.0761147510261,0.080970552248,-0.0450657602055,0.0761127857263,0.0854656644345,0.109180775876,0.382138263441,0.072195464344,-0.170276971677,0.150796993724,0.450690211248,1.0,5.33779882988e-181,1.0,0.0
104114,2564,717679,28348,0,1807,34917,5.89320360374,0.698912222399,0.301087777601,0.998038466818,0.00196153318183,0.589339161598,0.0188689472667,0.246644770621,0.383448371617,-0.0624040510412,0.168059944511,0.160116010148,-0.0349940929805,-0.0439906407766,0.0182495499139,-0.143771777883,-0.0473074999228,-0.0763114491741,-0.0535710961669,-0.00550901227414,-0.00395034767175,0.0222758935655,-0.0102083563372,-0.0172013680156,0.057242454036,1.0,1.95402830736e-200,1.0,0.0
232727,3342,1545260,67463,0,5577,77909,5.63979684351,0.697871108689,0.302128891311,0.997537327304,0.00246267269605,0.787734264752,0.102213396588,0.0266764332391,-0.216699506233,0.062366849189,0.205641078202,0.00747838940589,-0.0549133419476,-0.102860389332,-0.0197048319582,-0.0560328214963,0.0754841964479,0.0353207922637,-0.0643145730451,-0.014374180246,0.0640135695703,0.0216648702579,0.00210296628558,-0.0711646848352,-0.0226585510338,1.3585964248e-165,1.0,1.0,0.0
93802,2835,620612,28926,0,2489,25010,5.61619155242,0.698518940803,0.301481059197,0.997434980119,0.00256501988067,0.55157320247,0.0221498713335,0.106417420852,0.198865935026,0.184481950533,0.290826673534,0.0131121369852,0.11444549765,0.237892081783,0.127928637253,0.544795667162,0.235752229325,0.101633672572,-0.128023904103,-0.0549280495668,-0.0606874161361,-0.0628251343668,0.0111774881499,0.00151028373724,0.0334312293419,1.0,1.17436262608e-44,1.0,0.0
208291,3404,1393646,58989,0,7043,71370,5.69086038283,0.698469451078,0.301530548922,0.997368288494,0.00263171150561,0.492630004278,0.11600795226,0.133184904802,0.330165269494,0.178905941361,0.27456030561,0.101372241189,0.037976808341,0.223490011054,0.131549797591,0.357414804444,0.179225027429,0.0573657060341,-0.0955921937644,0.0362399428211,-0.0867458346346,-0.104944990478,-0.000516406778715,0.00902405476378,-0.00500781986876,1.0,3.2263489697e-46,1.0,0.0
97035,2481,639439,29699,0,2767,27302,5.58977688463,0.698362468606,0.301637531394,0.995458692613,0.00454130738712,0.652333715725,0.0524796987045,0.0897236661127,-0.178258432868,0.023985612362,0.173869133156,-0.0877892784106,0.0702210851678,-0.0156437641444,0.166735703407,-0.048829362393,0.114472543416,-0.229272369343,0.386288204917,-0.13444986481,0.0914529911979,-0.207911632408,0.0713700221666,-0.0173918043933,-0.0717771408018,1.0,6.99907947964e-122,1.0,0.0
452287,6224,3036173,134555,0,17792,116987,5.71293448629,0.698488810129,0.301511189871,0.996996729607,0.00300327039331,0.759005735245,0.257382420192,-0.119818024728,-0.202422082702,0.00673559528906,0.140378460132,0.150267625775,-0.0163194775721,-0.0177108719571,-0.0581194156904,0.00737893686973,-0.0476863477309,0.0776270675284,-0.0343567854321,0.0193426235127,0.0252989230301,-0.0291265379165,0.00369849208755,-0.00101254751158,-0.0425042864425,0.0,1.0,1.0,0.0
99100,2677,662837,30850,0,1068,29966,5.68856710394,0.698484481597,0.301515518403,0.997890539995,0.00210946000498,0.818571682443,-0.109639811628,-0.0676117025886,0.117102149604,-0.132712134172,-0.0328964417616,-0.0127811614374,0.0159327473624,-0.106291472225,-0.0484923221414,0.063387066892,0.00733992056399,-0.0645632727387,-0.00918173744435,0.00857535393133,-0.0185752566724,-0.0457277287319,-0.0105041431572,0.0120297768481,0.00591919812927,1.0,3.07109751035e-187,1.0,0.0
56587,2365,373088,18644,0,1446,13639,5.59317511089,0.698348513153,0.301651486847,0.988091245358,0.011908754642,0.377864559822,-0.00922401996792,0.0629041507858,0.080592097674,0.180982803215,0.237529833436,-0.0438012607473,0.0846473643991,0.216093891095,0.151382659695,0.592002334677,0.31868769994,0.147395738083,-0.126222860398,-0.045040593856,-0.0740188939132,-0.0249864562804,0.0141391085533,-0.00151022245629,0.0416769245649,1.0,2.31408127473e-23,1.0,0.0
96592,2605,645705,30217,0,1429,20363,5.68487038264,0.698087018698,0.301912981302,0.997730538652,0.00226946134759,0.73797908827,-0.147883807027,-0.0946916466579,-0.0695888485182,0.0560818515986,-0.117387124733,0.176578677085,0.0767760590968,0.0346500797111,0.204855747393,-0.00129182853657,-0.143054507359,0.249522436205,0.0219296859204,-0.00612104497472,0.0832969015964,-0.0695314407586,-0.0233316567149,0.0405984691076,-0.062927338784,1.0,1.38555161358e-30,1.0,0.0
175684,3082,1225885,46324,0,4788,65086,5.97778397577,0.699536153499,0.300463846501,0.994222203514,0.0057777964861,0.416723921167,0.0386592912962,0.131452172784,0.346553753382,0.121856349369,0.182353486728,0.198024745727,-0.0542250529552,0.0641193932141,-0.0369819994034,-0.0647309452262,-0.120554469605,0.0238738696339,0.134402823033,0.0423689437501,-0.0249550659808,0.0337914237276,-0.0409150046426,0.0876110039586,-0.0468755428894,1.0,0.0,1.0,0.0
274678,3750,1863079,81191,0,4379,77803,5.78277473988,0.698536561653,0.301463438347,0.998473130147,0.00152686985302,0.80617303283,0.191060603339,-0.10897723159,-0.116956925533,-0.0189875670613,0.131250081599,0.0383246895653,-0.183782767805,-0.165960267904,-0.10663762442,-0.0215619976372,0.074615188637,0.0848163735277,-0.0878599854201,-0.00195272823028,0.00559422079709,-0.0329789804402,0.0317847307718,0.00285348655369,-0.0164109677231,1.0,2.02563072198e-15,1.0,0.0
148109,4792,1022461,41388,0,2054,47387,5.90343598296,0.698144163528,0.301855836472,0.997878753444,0.00212124655615,0.77423557183,0.0105742592622,-0.123116032428,0.180676436701,0.129740750901,-0.043628118789,-0.0934972198543,0.0225747332247,-0.0565347416499,-0.0282389596856,0.0201062177009,-0.0421855841101,-0.110736078061,-0.112039150033,-0.0510422836532,0.100242160314,0.00454923040661,-0.0488696956696,0.0147644621657,0.0247318209843,1.0,1.84287832106e-251,1.0,0.0
219370,3853,1480062,64932,0,3437,68020,5.74687514245,0.698597044731,0.301402955269,0.997458806012,0.00254119398835,0.775010770762,-0.0668805684116,-0.12388948192,0.142431696309,-0.0629535368001,-0.00988941809357,-0.0516701881823,-0.125770830012,0.0435942532107,-0.00651401161699,0.00143843092737,-0.0388009754406,0.0168841911541,0.00768210354478,-0.116253380004,0.0176537621311,-0.0208608173309,0.0146868350741,0.0373163100941,-0.0349119458447,1.0,1.59086158315e-237,1.0,0.0
51086,2180,328324,17629,0,1351,11395,5.4268879928,0.698349371386,0.301650628614,0.99699603491,0.00300396508978,0.601420444875,0.113718034815,0.384283009461,0.0403596124366,-0.186998096748,0.0127059821367,-0.0262241745237,0.00301816661303,-0.0263232799618,0.0535701998195,0.0410640437764,0.0766530362571,-0.0419139557009,-0.0110348140204,-0.154210396206,0.165907203227,0.070056591614,-0.0663544474302,0.0331094317339,-0.000904407385746,1.0,7.9296711863e-114,1.0,0.0
103925,2279,697301,34087,0,902,23596,5.70965600192,0.697927720924,0.302072279076,0.998330113555,0.00166988644466,0.855087121761,-0.247167756333,0.185921686423,-0.102596749111,-0.0294763218469,0.00372485698315,-0.0701521911411,-0.0111231571621,-0.0526763180604,-0.0111331868334,-0.0321576241282,0.0555688935675,-0.0291401973953,0.00391740196973,0.104535988557,-0.0999554251624,0.0239276341739,-0.039790502462,0.050718819938,0.04946153804,1.0,3.588960029e-150,1.0,0.0
153449,3133,1048190,41729,0,6863,62349,5.83086888803,0.699032892346,0.300967107654,0.998386587613,0.0016134123866,0.6520992921,0.117158003608,0.129517884997,0.461376166034,-0.0130199625161,0.187730241481,-0.110976347659,-0.0928593284752,0.00189761578855,0.0460402832044,-0.00964748693283,-0.0705208466052,-0.0747305325222,0.0214743259482,-0.0457674215076,0.04323586235,0.075643356211,-0.0258143619864,0.000572845150936,0.00540313993632,1.0,0.0,1.0,0.0
60016,1997,391465,19534,0,1244,14264,5.52267728606,0.698239214197,0.301760785803,0.994558317074,0.00544168292607,0.569441018136,-0.176028226073,0.171743164157,-0.0328632702529,-0.0489734779987,0.0403797767534,-0.067353282387,0.279584730641,-0.203104978543,0.374805891155,-0.0535217625103,-0.199885718304,0.316216985626,-0.0214182077921,-0.0330582498274,-0.0242626987561,-0.0109366216909,-0.0221930414955,0.0206182987183,-0.0619898999992,1.0,2.96532047229e-99,1.0,0.0
58639,1905,394703,19101,0,604,15983,5.73106635516,0.698855091016,0.301144908984,0.991248576433,0.008751423567,0.500342967857,0.023010684199,-0.0449197880165,-0.0154019138984,-0.0861518919265,0.0888771601199,0.0903478659531,0.316938154449,0.122152764187,-0.100764490714,-0.0632783268622,0.0233744533918,0.0168489752071,0.0273128020303,0.181145940818,0.0571587534567,-0.0496160848341,0.208216254469,-0.213388723875,0.0327069981148,3.04601788852e-52,1.0,1.0,0.0
196233,3901,1300857,57214,0,6395,79755,5.62914494504,0.698056972877,0.301943027123,0.995634542208,0.00436545779244,0.649701147222,0.0902478246686,-0.199475352167,0.140819380427,0.062719657091,-0.0645262830494,0.00793595085383,0.0608063205663,-0.0269907910884,0.0222604120359,-0.00272921500456,0.0162281358492,-0.0428121097063,-0.0173714595157,0.100878878348,0.0786135318601,0.0752094671373,0.0921976053895,0.0852296903215,0.019244436922,1.0,2.49247743817e-263,1.0,0.0
175823,3484,1180396,51045,0,4489,55880,5.71354714685,0.698711947136,0.301288052864,0.998746771494,0.00125322850555,0.715349035388,0.00827872436032,0.076705287508,0.286954235978,-0.0868021657466,0.0524613320103,0.321748918818,-0.10693137578,-0.0664867315992,-0.00778831816033,-0.0911052362056,0.0598552743789,0.0453101787398,0.0248211356767,0.0329125278488,-0.0186755575976,0.00975079842641,-0.0118133872288,-0.00167469023866,-0.00970660653734,1.0,1.81821118784e-165,1.0,0.0
92236,2443,615131,26856,0,1400,29653,5.66909883343,0.697982116219,0.302017883781,0.998017148483,0.00198285151719,0.809520925594,-0.183507383564,-0.0889186276597,0.0311693420177,-0.0324368738568,-0.144562737039,0.0902854446245,-0.0351523088395,-0.195349419486,-0.0232934713348,0.0149822917734,0.224344433851,0.0498263664581,0.0312286097304,-0.0153071611201,0.0281975251159,-0.0150043818625,0.0247193997758,-0.0620492575348,-0.00383724547913,1.0,2.33010384173e-73,1.0,0.0
73146,2261,501724,20046,0,1168,26220,5.85921308069,0.698293522806,0.301706477194,0.997445390526,0.00255460947439,0.758408000549,-0.100621377168,0.0765546673766,-0.073539020603,-0.0197157411561,0.0465466930292,-0.0862657002576,0.14536973305,-0.140588601533,0.349733483509,-0.103339417167,-0.0964039358325,0.239675496469,-0.0297931344557,-0.00740652250869,-0.073449090622,0.03192963441,0.00935513183523,-0.000853391571828,0.0108163730906,1.0,3.72961111472e-182,1.0,0.0
87963,2584,595826,23926,0,3344,26830,5.77359799006,0.697934301911,0.302065698089,0.997071129676,0.00292887032402,0.767435535981,0.0044876110051,-0.13248759297,0.0180494173349,0.0252874462791,-0.0275778493896,-0.0466278861541,0.102299596633,-0.102159411562,0.317751575258,-0.0843091440464,-0.0301404179541,0.134270816326,0.000221221836127,-0.00214343229851,-0.0619209518679,0.0341316922088,-0.00336869220431,0.0318540657018,-0.00651523837439,1.0,9.4082753337e-89,1.0,0.0
326274,3944,2217418,99538,0,6417,60016,5.79618357577,0.698682717075,0.301317282925,0.997366372258,0.00263362774209,0.7187398072,0.196075973495,-0.0906721226247,-0.205814544238,-0.110511838203,0.195201190059,0.112783392806,-0.0806365402771,-0.0585945228328,-0.0692684419271,0.0235096394505,-0.0425524637599,0.095121579238,-0.00943557987227,0.081027244422,0.0652727376869,-0.0743279054287,0.00106020838617,0.0214581136632,-0.039491187755,2.8036416775e-296,1.0,1.0,0.0
123823,2887,843954,35721,0,2636,39062,5.81580966379,0.698600849112,0.301399150888,0.997324107423,0.00267589257657,0.836533129424,0.00189009153337,-0.231452434605,0.0882618246851,-0.109404102379,-0.0085688079675,-0.00533204815243,-0.0231412241409,-0.00154785614083,-0.026349069561,0.103048550437,-0.0639676603958,0.0274696269889,0.133743457097,0.0540403133934,-0.0385991786176,-0.0234016138727,-0.0220262237448,0.0312328617649,-0.0474151626553,0.000146761676021,0.999853238524,1.0,0.0
330871,4042,2265277,95099,0,2924,109910,5.84640539667,0.698495744897,0.301504255103,0.996159835122,0.00384016487813,0.773865554492,0.401926252711,0.016142277417,-0.0584058402725,-0.0066276054722,-0.0635536775165,-0.0314919363423,0.0397797485825,0.101555807046,-0.0578539177204,0.0474249720973,-0.124532230776,0.00161613230495,-0.0315077400293,-0.063031308834,-0.0462903074432,-0.0296248414061,0.039460234426,-0.00929925589869,-0.0344516621015,0.0,1.0,0.0,1.0
72654,2667,479291,24753,0,854,16313,5.59689762436,0.698029881435,0.301970118565,0.99855787481,0.00144212518989,0.795407563379,-0.180487551681,0.143836532319,-0.0592534098629,0.236453557943,-0.0456340167715,0.0326782479368,0.131732807012,-0.0754884051323,-0.066046478335,0.0076750985811,0.0429961253274,-0.0684129293028,-0.0571528726305,0.0308364621176,0.0408627486419,0.0417013974292,-0.0147358042874,-0.00873190466738,-0.0033854490684,1.0,1.46064216511e-53,1.0,0.0
125663,4409,857365,37526,0,2607,37092,5.82273222826,0.69829327888,0.30170672112,0.996761696789,0.00323830321071,0.72305237188,-0.04048986504,-0.0672410341107,0.139082267034,-0.104069569065,-0.00693571206912,-0.12736351813,-0.000364627754344,-0.100592252936,0.0488084523019,0.0145069117285,0.0660517133353,-0.0699051806297,-0.0119673077213,0.0179651063153,-0.00488947189477,0.036548499757,0.00733108629505,-0.0233298083444,0.0291858586077,1.0,9.85757139747e-180,1.0,0.0
123941,4108,843907,35541,0,4084,35338,5.80894135113,0.698572900392,0.301427099608,0.998025319968,0.00197468003202,0.859508879219,-0.0864681563939,-0.07841733949,0.000471504084611,-0.187903766929,-0.0251523307776,0.0975433734471,0.0681783021456,-0.129486883446,0.0180043331493,0.0167805219635,0.10088129745,-0.0926739805562,-0.0342857390429,-0.0107990852905,-0.0252890202435,-0.0292759597893,0.00619778137187,-0.0303214807459,0.033650321651,1.0,3.44561447529e-73,1.0,0.0
123295,4859,829450,37514,0,6535,32020,5.72736120686,0.698279244047,0.301720755953,0.997374782586,0.00262521741389,0.839753171771,-0.0826924485289,-0.134241716328,0.00434867995947,-0.138906998108,-0.0397913833099,0.138468307514,0.0139234710308,-0.111379057836,0.00534356316458,0.0140721821453,0.0837055433098,-0.0474445387255,-0.0333312003516,-0.0485454973777,0.00141078120029,-0.0165076840626,-0.0101910716066,-0.0562806847484,0.0343825228878,4.66072082766e-08,0.999999953434,1.0,0.0
53030,2121,347531,16223,0,1587,17012,5.55347916274,0.698504774012,0.301495225988,0.995206276893,0.00479372310672,0.470197728288,0.0701151609467,0.0992482854526,0.279695554325,0.1172327068,0.102712875461,-0.00617841004233,0.0138072442732,-0.0196281487136,-0.0180692160594,-0.0709233424955,-0.123819340671,0.0200890025948,0.143659787919,0.0938896166575,-0.0526756479904,0.0166252030612,0.0605616207666,-0.0171942345091,0.0279239699607,1.0,1.51367475941e-140,1.0,0.0
78938,2095,529544,25498,0,1239,18922,5.70835339127,0.697603602408,0.302396397592,0.997957990053,0.00204200994744,0.798618196835,-0.225389414843,0.110255959491,-0.0791942307724,0.0663696318249,-0.0280631846831,-0.157969047924,-0.152897434049,0.103083053148,0.0589838349933,-0.0653485339809,0.0543485132158,0.0457164059496,0.0388060126283,-0.00999804027969,-0.0273428236104,0.0549368078173,0.0301157301983,0.0162683729952,0.00189381176352,1.0,1.95006700333e-135,1.0,0.0
415406,4847,2840215,124343,0,8058,135561,5.83720264031,0.698872250062,0.301127749938,0.981231707622,0.0187682923784,0.398739740386,0.17374449709,-0.0800968673522,8.30928853824e-05,0.0764914998104,0.110382877122,-0.16355873023,-0.0300310070572,0.00600808682637,-0.017952194754,0.0126191396134,-0.0863193499765,-0.0364496770417,-0.0147825229475,0.0930863487364,0.0922488549217,-0.0579787644905,0.127848490864,-0.151693790867,-0.0735914212964,1.0,0.0,1.0,0.0
55406,2110,376414,16554,0,773,16195,5.7937407501,0.698191750663,0.301808249337,0.998633593371,0.00136640662947,0.793321483693,-0.217094173188,0.137584804251,-0.0339052689648,0.259349190906,-0.0852941648706,-0.00352943537876,0.145758635122,-0.0905393531482,-0.0507146906712,-0.0173397520717,0.0656899343896,-0.0589874559792,-0.0553777145849,0.0970391028249,0.0105826937229,0.0087425961319,0.0384286134982,-0.0628873369621,-0.0327857720707,1.0,2.14653618253e-59,1.0,0.0
127705,3063,840915,41729,0,2136,31170,5.58482439998,0.698405736804,0.301594263196,0.997705599776,0.00229440022391,0.830419440055,-0.177543943126,0.0893120633372,-0.0604902542601,-0.183995613171,0.069622145964,-0.0351630838974,-0.0222705866078,-0.0183398169918,0.0138014656672,-0.00364445585218,-0.00837597146881,-0.0821120853662,-0.0433497666763,-0.00853174681551,-0.0760667560312,-0.0168930484217,-0.0505399702133,0.0238831373397,0.0464356092106,1.0,2.39065637411e-141,1.0,0.0
104366,3852,720381,28319,0,2313,32331,5.90244907345,0.698438654363,0.301561345637,0.996973072976,0.0030269270241,0.849144187509,-0.0405253052336,-0.228530814694,0.153010000137,-0.0954344385897,-0.0926253158357,-0.0454173090947,-0.0555499377746,-0.115999301812,0.0138867933192,0.0437110158408,0.0671755915207,-0.0414006027319,0.00423845504101,-0.00673064379596,-0.000602889390859,-0.0101275534795,-0.0724272731738,0.0188847752014,0.0389677618051,1.0,5.08798200153e-51,1.0,0.0
124272,3211,816819,40101,0,2542,33779,5.57283217458,0.698040639749,0.301959360251,0.997639470527,0.00236052947268,0.696423426482,-0.112377403489,0.0271900372042,0.0829672496427,0.160245407222,-0.0997924488524,-0.0847955717918,0.0836240039017,-0.0153036933448,-0.0512166627507,0.0312386183103,-0.0794174130419,-0.0789113584714,-0.077532529281,0.0107159869948,0.0852798927019,-0.0744278376494,-0.0617980810154,0.0795840332601,-0.00932868676823,1.0,1.37824516876e-122,1.0,0.0
104649,2315,714318,33025,0,1059,27855,5.82584640083,0.697977601322,0.302022398678,0.997158122839,0.00284187716109,0.798657298847,-0.0821772529131,0.0347252478887,-0.132108345515,-0.122699243612,0.150297633922,-0.0142540378779,-0.0222881954847,-0.0246778860224,-0.015292297677,0.0852878594866,-0.0523914182193,-0.00316165469487,0.107940910572,0.0645133274012,-0.046362168525,0.136535263437,-0.0404073426081,-0.0130899242804,0.0172597755093,1.99474915338e-98,1.0,1.55241579209e-99,1.0
133415,2562,881758,42386,0,4522,38384,5.60913690365,0.698584818939,0.301415181061,0.997744450479,0.00225554952084,0.576857068697,-0.0585180705637,0.227069651308,0.183155200999,0.0175333545643,0.182842443991,0.06768649451,0.0583597931692,-0.0287882289452,0.00467815744,-0.0173129920965,0.0346172158265,-0.0371441030545,0.0335717919027,0.00404572534277,0.119315834577,0.0948038143549,-0.105500219464,0.10751189103,-0.0859737079979,1.0,8.83656026098e-208,1.0,0.0
107204,2698,714615,30518,0,2166,34388,5.66593597254,0.697826031171,0.302173968829,0.997767507606,0.0022324923943,0.815388985979,-0.0118495562265,-0.157993434643,0.141259111682,0.0488371288361,-0.0778337796386,-0.00728301202475,0.0429204966925,-0.0707154885462,-0.0496763401944,0.0813261269627,-0.0705185401099,-0.0030702232551,0.0333342386296,-0.0709885176843,-0.0369254237245,-0.0334202451952,0.00765679459702,-0.0223199499197,0.0358914766548,1.0,1.62559869479e-94,1.0,0.0
80699,2362,547271,24115,0,855,22750,5.78163298182,0.698315618813,0.301684381187,0.998157103345,0.00184289665514,0.8106616013,-0.218063688079,0.12339834118,-0.0479438089413,-0.0810220466409,-0.00696491002006,-0.0357671780561,-0.00169057951744,-0.0747717264165,-0.039586620825,0.0219143303688,0.056623709745,-0.0416484474625,-0.0433158872511,0.0905015441595,0.0181008287257,0.00565446324771,0.0334638820185,-0.042992513504,-0.0391819052616,1.0,6.36837950934e-130,1.0,0.0
158700,2898,1072335,48139,0,1452,45732,5.75699432892,0.698770767655,0.301229232345,0.998404692164,0.00159530783612,0.778417053259,0.348320085449,0.252044186726,-0.0105057675222,-0.0657183682826,-0.161780626646,-0.026392639896,-0.0415405929784,-0.0213511607765,-0.0403310961885,0.0373345358777,0.0278730205509,0.0956358746667,0.0765149315528,0.0372424671959,-0.0468687798152,-0.0007844177514,0.0210747110013,0.0137560149339,0.00784841853689,1.0,1.1092495128e-142,1.0,0.0
68044,2221,459796,22747,0,2225,13176,5.75733349009,0.698307931754,0.301692068246,0.998234459546,0.00176554045366,0.836251455763,-0.187887111431,-0.0115394021682,-0.0306090523385,-0.204902724971,-0.0222165997017,0.066648027732,0.0402179730225,-0.0811074908347,-0.0574164025427,0.0886242809273,0.0108503916332,0.000649365661325,0.092588030604,0.105207837849,-0.0673440185389,-0.0456664033908,0.0769467937842,-0.0361448397791,0.00274107800789,1.0,9.05728548768e-76,1.0,0.0
293043,3644,1999389,89619,0,5751,69286,5.82285193641,0.698753619495,0.301246380505,0.996639989679,0.00336001032059,0.734998487888,0.2492761678,-0.075134396361,-0.101190163727,-0.119201367774,0.101021861236,-0.0516583700646,-0.0744562064814,0.0233517226085,-9.36610129504e-05,0.0413229671762,-0.0435792933662,0.0400176560147,0.0284815009027,0.11494569905,0.0245758092068,0.00212665539627,0.000329649797856,0.00867185901582,-0.040003316084,2.87701009202e-185,1.0,1.0,0.0
137614,3023,903861,46122,0,2262,31709,5.56808900257,0.697527566883,0.302472433117,0.995792257479,0.00420774252079,0.664418857405,-0.0702615429296,0.134507099633,-0.114266553993,-0.1234155224,-0.0527001258214,-0.0402906560127,-0.0466347985226,0.127692563466,0.084105682966,-0.0619831161244,0.147070716626,-0.0168438614636,-0.0672403772839,0.0472673393031,0.100487570076,0.045372508678,0.0932437722021,-0.134622125417,-0.0057126131714,1.0,4.64777105463e-60,1.0,0.0
105101,2827,721727,29186,0,2049,35213,5.86698509053,0.698281797163,0.301718202837,0.998032763293,0.0019672367068,0.784744820164,0.195733501881,0.00924002242409,-0.170977744896,0.121348752261,0.259190147633,-0.150330052415,-0.145370579813,-0.140415553408,-0.0654846541495,-0.0701862604616,0.0329730818669,0.111305208351,0.00309463507146,-0.00990680692599,-0.0275242640908,-0.0441307558302,0.000804691305003,0.0138955589472,0.0489934125435,1.0,2.13118567537e-171,1.0,0.0
72844,3134,510439,21355,0,1829,20504,6.00728955027,0.698269677092,0.301730322908,0.996512142837,0.00348785716272,0.671700573586,-0.23344687129,0.125815783116,-0.0611734100822,0.124904998087,-0.0373639698726,0.0407644175057,-0.0653248754008,0.0565372195364,-0.0321493844196,-0.045987562493,0.0673688898668,-0.00933089871887,-0.0996404453581,-0.0464732901894,0.0499354357527,0.152965535055,-0.00211179961676,0.0400876599414,-0.102677296051,1.0,4.10425943633e-107,1.0,0.0
200453,3259,1346170,59818,0,5778,57132,5.71563907749,0.698244532465,0.301755467535,0.998096782263,0.00190321773736,0.758480803196,-0.12418538124,0.109032764063,0.0942173453361,-0.106268513316,0.0333936183767,-0.0421087284758,0.0823933727634,-0.061962195546,0.0301093557061,-0.0169168443222,-0.0338921499876,-0.17697506518,-0.15225946574,-0.00648381336203,0.03607064099,-0.0245085320781,-0.0490660537566,0.00467837467542,0.056907388808,1.0,1.32903658731e-321,1.0,0.0
59440,1908,397897,15697,0,2616,19877,5.6940948856,0.698451037237,0.301548962763,0.997726941633,0.0022730583666,0.811410640282,-0.122707695735,-0.113640492171,0.0893045153264,0.0022633804426,-0.168771408901,-0.0710233581664,-0.163184755679,-0.0131951353565,0.104782836076,-0.0284774611341,0.169391107667,0.0754392739104,0.0312473957189,-0.0430824837959,0.112219287441,0.014658623902,0.0118628209777,-0.0345627646984,0.00442420505292,1.0,4.79109613526e-148,1.0,0.0
102014,2402,692253,32075,0,1565,24298,5.78586272472,0.698519047987,0.301480952013,0.997989921231,0.00201007876923,0.725701860964,-0.103854789587,-0.00906304945962,0.093987642462,0.140198818739,-0.0833930536619,-0.0100400740811,0.0984789194932,-0.0025031666547,-0.0563806148377,0.0210735871675,-0.129419428538,-0.0553699212058,-0.0481007159215,-0.0200707875506,0.0625898982385,-0.0952116222753,0.01289084857,-0.0484640704833,-0.00310525781533,1.0,9.64553316729e-60,1.0,0.0
114440,4050,818279,27977,0,1911,43521,6.15028836071,0.698809822653,0.301190177347,0.997470900687,0.00252909931258,0.701126528718,0.391848088006,-0.0799631649296,-0.0686239027622,0.118957103419,0.192161201474,-0.0810028176315,-0.177301608045,-0.151809311325,-0.117862272773,-0.0329998138243,-0.0191036860486,0.135176409031,-0.0624791229569,-0.0105870613272,0.00525986916197,-0.0712781073485,0.0206104568926,0.023509954539,0.018148512795,1.0,3.53611087508e-63,1.0,0.0
121029,2356,824913,32520,0,1491,46567,5.81582926406,0.698750832517,0.301249167483,0.996678719176,0.00332128082362,0.664437725669,0.513814450052,0.286264497183,0.00351057697833,0.0777469314051,-0.196785540961,-0.0440672332184,-0.0345958043993,0.0021898384704,-0.0487401607059,-0.0271678268402,0.0225364827018,0.0935775812366,0.0403733151803,-0.00313943257578,-0.0554477156982,-0.00767420040066,0.0318295960435,-0.00769824405829,0.0190288452521,1.8126145059e-26,1.0,1.0,0.0
75259,2638,498288,25423,0,1340,15434,5.62097556438,0.698155152279,0.301844847721,0.998425980215,0.00157401978456,0.803228601129,-0.187206901756,0.102064067123,-0.105963611333,0.209940082383,-0.0536314238356,0.0189498897058,0.087460988693,-0.0226264569209,-0.0694451923054,-0.00696527501307,-0.00967610182664,0.0309316372086,0.0388781151105,0.00389933187295,-0.0686051049208,0.0276777930921,0.0422604248308,-0.0245293689162,0.0308401832833,1.0,3.00361872252e-61,1.0,0.0
113969,2678,757471,35771,0,3301,30168,5.64628978055,0.697901059779,0.302098940221,0.996814828507,0.00318517149263,0.754344727343,-0.207829402942,0.0248433245526,-0.0267553479093,-0.0586272905462,-0.0149706722365,-0.0265402930905,-0.13263043513,0.247084817685,0.0609031947754,-0.00953638458303,-0.0963738650195,0.0495966878454,0.0387484533383,-0.0696428611966,0.0804699612209,-0.0712955392188,0.0200567712098,-0.022846515424,0.00873304911402,1.0,6.74179184312e-34,1.0,0.0
69902,2527,465522,22505,0,724,19667,5.6596377786,0.69812458316,0.30187541684,0.998716361024,0.0012836389757,0.846736426582,-0.209064369518,0.13713644872,0.0314923448116,-0.0324123226351,-0.0163633638773,-0.160608000602,0.00369545158607,-0.0356716731528,0.0170726708489,0.0123952898538,0.00967025092733,-0.0334264348273,0.000911086402757,0.121858389843,-0.0247608957029,0.0132230099103,0.0309828315089,-0.0126579543163,-0.00876867844449,1.0,6.04172251138e-124,1.0,0.0
120527,2815,787521,40753,0,3939,32246,5.53397993811,0.69783379876,0.30216620124,0.995623599551,0.00437640044942,0.558476172045,0.109654242294,0.168777323244,-0.172729939053,0.13040568079,0.130640644747,0.00390969959722,0.17669485584,-0.0372815687576,0.169296434203,-0.0553686856865,0.124583931955,-0.313293909354,0.372295934206,-0.198680208171,0.15075908499,-0.25856385928,0.0472457752434,0.0163157176501,-0.0525327726162,1.0,1.77294226083e-47,1.0,0.0
84104,2310,572978,25587,0,909,23261,5.8127318558,0.698029837853,0.301970162147,0.998446743777,0.00155325622317,0.83808871201,-0.262915690006,0.093059246663,0.0201651871778,0.0462611442957,-0.0943020779607,-0.11213456637,0.00157558357035,-0.0520037544358,-0.00661422281506,-0.035238618328,0.0805565265449,-0.042037264334,-0.0593410958496,0.103829152561,-0.0121033286072,0.0175997113815,-0.0126045582714,-0.0168476591702,0.045662746274,1.0,4.37281712074e-155,1.0,0.0
217043,3629,1473806,62149,0,2966,65126,5.79038715831,0.698391911837,0.301608088163,0.997806130255,0.00219386974516,0.848520227037,0.222093872153,-0.245939308192,0.0089845529944,0.10695202786,0.0489399901508,-0.0385287309853,-0.0562885539982,-0.0827591317471,-0.0140199540931,0.00496027860275,-0.0177711302149,-0.026585660896,0.00347624371491,-0.00134964392105,-0.0647622278425,-0.00766706351722,0.000212561438249,0.0452846422568,0.00668885723408,1.0,3.22061997736e-53,1.0,0.0
103319,2878,690982,32494,0,1267,25312,5.6878502502,0.698194366534,0.301805633466,0.998154651883,0.00184534811676,0.726464864929,-0.211403184802,0.0265431574698,-0.0136410713988,0.152535371797,-0.105553342751,0.106496598166,-0.0119914022417,0.10274855214,-0.0781172720104,-0.0353971356153,-0.0246838278356,-0.00228282260946,-0.116364005757,-0.107131354327,0.128649268333,-0.0630487167825,0.0504667693816,-0.0492295071853,-0.0146840980532,1.0,2.04514330934e-107,1.0,0.0
191852,3013,1303588,52641,0,8080,65044,5.79475845965,0.698468123363,0.301531876637,0.99504230119,0.00495769880978,0.741125863742,0.0588166244443,-0.256139186603,0.111958609001,-0.0526331358251,-0.0249730847216,0.0459664614139,-0.0494041476376,-0.0539344825216,-0.0107069820687,0.0708994924858,-0.0100140948383,-0.010424759004,0.0614686976624,-0.0424877596806,-0.0409819880586,0.0777670054979,0.0151728710448,-0.0381166826027,-0.0507257616761,1.17086105447e-140,1.0,1.0,0.0
78251,2596,536418,20607,0,1339,26042,5.85509450358,0.698505749177,0.301494250823,0.997703471846,0.00229652815358,0.865210615908,-0.105699800131,-0.147334662665,0.0137707456292,-0.0645105022331,-0.0467666414641,0.173702759721,0.00112715830984,-0.132758740405,-0.0381625054279,0.0144810100941,0.100437412939,-0.0346368016661,0.0195681975864,-0.068348865656,-0.0636694362866,-0.0242319186793,-0.019021740035,-0.00459983414999,-0.010867981783,6.15961271923e-09,0.999999993946,1.0,0.0
114215,2446,766679,35032,0,1650,29603,5.71259466795,0.697860498819,0.302139501181,0.998208164362,0.00179183563819,0.792429800651,-0.261166692676,0.0955051108292,0.0261066708732,0.0137739480725,-0.0419258832792,-0.140792872738,-0.133250665024,0.0771831019341,0.0137745861191,0.00486718052585,0.0191285346445,0.040887044125,0.0207296865567,-0.00746650752077,0.0389369513457,0.0305691831951,0.0569554564865,-0.0211817860669,-0.0705804002735,1.0,3.40545483623e-267,1.0,0.0
142862,4827,991371,38887,0,5627,56229,5.93936106172,0.698066704398,0.301933295602,0.989557435849,0.0104425641514,0.646749848298,0.225001165721,-0.371953666886,0.271337304892,0.133070507147,-0.0671448956738,-0.2431519417,-0.0611426211285,-0.050700072656,0.00703047496208,0.0399797591363,0.0185674306546,-0.0202373979959,0.0918555806213,0.0864245574295,-0.0623525850968,0.0592993165291,0.0116979503916,0.0105792336208,0.012487159056,1.0,1.07440949234e-216,1.0,0.0
181185,5121,1249935,50207,0,10890,55581,5.8986671082,0.698773831994,0.301226168006,0.990878954875,0.00912104512455,0.582919763197,-0.0232000970167,-0.136722198865,0.175311488216,-0.106620312223,0.106189149063,-0.130043153139,0.243060358723,0.194902577361,-0.249373961775,-0.193296864528,0.10565700549,0.158849514207,0.0390134272438,-0.154903953407,-0.0531238202626,-0.0296706462613,-0.103197429454,0.0868338397445,-0.0342218552052,1.0,4.83796480415e-171,1.0,0.0
102544,2271,681286,31673,0,3140,29894,5.64384069278,0.698589550277,0.301410449723,0.978613769377,0.021386230623,0.352100084093,-0.0523382931521,0.0687630808746,-0.0232740098333,0.10708451588,0.0824866512738,-0.00201215303957,0.0702235614655,-0.0488547698613,-0.040549556062,0.0761869782552,-0.0396108430384,-0.00602375726844,0.133082824011,-0.156190833552,0.0590531545586,0.340053560751,-0.0324063151077,0.00683034218007,-0.146649224848,1.0,2.58204324276e-55,1.0,0.0
175462,3505,1194152,47946,0,3078,55921,5.80575851181,0.697988708928,0.302011291072,0.994350205215,0.00564979478547,0.720365223064,0.0849076195166,-0.229754061686,0.22506915999,-0.0977022005137,0.0490328229968,-0.163155660316,0.11403662031,0.0896897890008,-0.0463142733443,-0.12590862532,0.116788109277,-0.0223837925365,-0.036032433578,-0.0607060953415,0.00293040403707,0.0412327437357,-0.0737462184405,0.0121747005244,0.00213639888825,1.0,2.72382965479e-69,1.0,0.0
86432,2329,582793,27155,0,1459,19891,5.74279202147,0.698307176397,0.301692823603,0.997618442751,0.00238155724891,0.842368960799,-0.169829579917,-0.110446855622,-0.0426858118784,-0.143952951265,-0.0358188038628,0.112026340213,-0.0440112760557,-0.0880556359025,-0.0130263960187,0.0880259848214,0.0345133080491,0.0601012209873,0.14435174966,0.032575317732,-0.0445215201076,-0.0250785775832,0.00126218927979,0.00612788922536,-0.015111104569,1.0,8.06858359815e-110,1.0,0.0
201269,3335,1359310,46394,0,12558,106334,5.75369778754,0.700154294315,0.299845705685,0.985887637195,0.014112362805,0.265259201059,0.111538140075,0.163780424554,0.461953508829,0.100518198993,0.137961079979,0.112491971412,-0.187796421363,0.0398625715164,0.129108874498,-0.0919788997922,0.0698421734164,-0.034904989699,-0.014092333247,0.124860589936,-0.143402478708,-0.0915074277007,0.0459517355132,-0.0562915532306,-0.0268577080391,1.0,0.0,1.0,0.0
74833,2154,513652,21407,0,710,21727,5.86397712239,0.698173246369,0.301826753631,0.997928740539,0.00207125946071,0.769154041294,-0.15102664532,-0.048391426019,-0.0849315075324,0.0298565057069,-0.0834662471329,0.108354816567,-0.146887271961,0.106533509469,-0.0298332664217,-0.0317486277711,-0.00492056716018,0.109649019878,0.0122526786767,0.00804453163197,0.0149428864782,-0.0488451556019,0.0106655572536,0.0117104704529,0.023780080561,9.95989396651e-22,1.0,1.0,0.0
51592,2274,342428,17187,0,610,11048,5.63723057838,0.697688352252,0.302311647748,0.998660784378,0.00133921562239,0.802936916443,-0.146146180234,0.161533174687,-0.12725768214,0.287943195312,-0.0456338031198,0.0118184783461,0.124756287264,-0.0509827626883,0.00104565388585,-0.0632826135861,0.10343491124,-0.0478859362124,-0.0462112973356,0.122129201115,0.0306033563901,0.0266388171331,-0.0323427728333,0.014127794677,-0.00286354451429,1.47866604831e-07,0.999999852153,1.0,0.0
12184,1272,82529,3280,0,268,4883,5.7735554826,0.698503465673,0.301496534327,0.997702400083,0.00229759991749,0.773638296043,-0.198321425204,0.212297109203,-0.0784252849651,0.164405911157,0.0447139558539,-0.0766855961862,0.0534761058504,-0.151424177971,0.0149047887075,-0.0475803589032,0.131433968677,-0.0481541880827,0.0266443671201,-0.0677341214414,-0.0720283973521,0.0598205818715,-0.0392822631223,0.0595416808608,-0.0185864088821,1.0,2.66725768953e-33,1.0,1.83982792584e-234
159225,2975,1084219,39814,0,6285,66420,5.80935154655,0.698768187031,0.301231812969,0.998139078383,0.00186092161707,0.551859013822,0.129574212677,0.33649630141,0.493892168164,0.069185021757,0.0575834728559,0.144026030245,-0.135387365014,-0.0102072620047,0.052549371432,-0.14490306503,-0.00593226159334,-0.0562199799749,0.0117041180244,0.0856914509608,-0.0299722991866,0.00271387223049,0.023690395006,-0.0406054181886,-0.0349940217627,1.0,0.0,1.0,0.0
